image_id,identity
3,SalamanderID2025_633
5,SalamanderID2025_137
12,new_individual
13,new_individual
18,SeaTurtleID2022_t306
19,new_individual
27,SalamanderID2025_39
33,new_individual
36,new_individual
45,LynxID2025_lynx_95
46,new_individual
47,SalamanderID2025_67
48,SalamanderID2025_191
49,SalamanderID2025_119
55,new_individual
58,SeaTurtleID2022_t331
61,LynxID2025_lynx_43
62,new_individual
63,new_individual
64,SeaTurtleID2022_t048
65,SeaTurtleID2022_t044
67,SeaTurtleID2022_t044
68,SeaTurtleID2022_t321
74,new_individual
81,LynxID2025_lynx_43
84,SalamanderID2025_39
85,LynxID2025_lynx_72
86,new_individual
89,LynxID2025_lynx_72
90,LynxID2025_lynx_42
94,SeaTurtleID2022_t104
97,LynxID2025_lynx_43
98,new_individual
106,new_individual
113,SalamanderID2025_137
123,SeaTurtleID2022_t001
124,new_individual
126,new_individual
131,SalamanderID2025_500
137,new_individual
139,SalamanderID2025_474
145,new_individual
150,SalamanderID2025_39
163,SalamanderID2025_119
166,SeaTurtleID2022_t020
167,SeaTurtleID2022_t044
168,new_individual
171,new_individual
173,SalamanderID2025_480
182,SalamanderID2025_446
183,new_individual
186,new_individual
188,new_individual
190,new_individual
192,SalamanderID2025_517
195,new_individual
202,new_individual
203,SeaTurtleID2022_t048
205,SalamanderID2025_261
209,new_individual
210,SeaTurtleID2022_t407
213,new_individual
216,LynxID2025_lynx_57
219,new_individual
221,LynxID2025_lynx_36
228,new_individual
231,SalamanderID2025_500
240,SeaTurtleID2022_t048
242,SeaTurtleID2022_t241
245,SalamanderID2025_119
264,new_individual
266,SeaTurtleID2022_t037
273,SeaTurtleID2022_t110
276,SalamanderID2025_39
280,SalamanderID2025_633
282,new_individual
286,SeaTurtleID2022_t048
289,SeaTurtleID2022_t048
293,new_individual
294,SeaTurtleID2022_t148
296,SeaTurtleID2022_t148
311,SalamanderID2025_500
312,new_individual
315,new_individual
338,SeaTurtleID2022_t048
347,SalamanderID2025_67
357,SeaTurtleID2022_t048
359,new_individual
361,new_individual
366,LynxID2025_lynx_42
368,new_individual
373,SalamanderID2025_599
375,new_individual
378,new_individual
380,SalamanderID2025_290
397,new_individual
411,SeaTurtleID2022_t497
415,LynxID2025_lynx_13
422,new_individual
423,SeaTurtleID2022_t148
424,SalamanderID2025_429
427,SeaTurtleID2022_t048
429,SeaTurtleID2022_t048
431,LynxID2025_lynx_43
432,new_individual
437,SeaTurtleID2022_t044
439,SeaTurtleID2022_t148
443,LynxID2025_lynx_72
454,new_individual
459,new_individual
465,LynxID2025_lynx_72
469,SalamanderID2025_137
470,SeaTurtleID2022_t067
474,SalamanderID2025_327
475,new_individual
478,SalamanderID2025_454
479,SeaTurtleID2022_t296
480,new_individual
481,new_individual
482,SeaTurtleID2022_t079
491,SalamanderID2025_137
494,SeaTurtleID2022_t044
500,SalamanderID2025_513
501,SalamanderID2025_137
507,new_individual
509,SalamanderID2025_119
512,SeaTurtleID2022_t048
515,LynxID2025_lynx_72
516,SeaTurtleID2022_t382
519,new_individual
520,SeaTurtleID2022_t048
522,SeaTurtleID2022_t048
524,SeaTurtleID2022_t497
526,new_individual
530,SalamanderID2025_543
537,new_individual
544,SalamanderID2025_500
547,new_individual
549,LynxID2025_lynx_95
551,LynxID2025_lynx_72
552,LynxID2025_lynx_43
555,SeaTurtleID2022_t028
559,SeaTurtleID2022_t048
562,new_individual
565,SeaTurtleID2022_t048
567,SeaTurtleID2022_t044
569,SeaTurtleID2022_t610
570,LynxID2025_lynx_43
573,new_individual
577,new_individual
578,SeaTurtleID2022_t379
579,SeaTurtleID2022_t044
580,new_individual
583,LynxID2025_lynx_43
584,LynxID2025_lynx_72
588,SeaTurtleID2022_t048
589,SalamanderID2025_39
591,SalamanderID2025_475
592,SeaTurtleID2022_t148
594,SalamanderID2025_119
595,new_individual
599,SeaTurtleID2022_t042
602,SalamanderID2025_446
603,SalamanderID2025_39
611,SeaTurtleID2022_t317
620,SalamanderID2025_87
625,new_individual
626,SalamanderID2025_24
628,SalamanderID2025_67
630,new_individual
636,SeaTurtleID2022_t148
643,new_individual
645,new_individual
648,SeaTurtleID2022_t048
649,SeaTurtleID2022_t264
651,SalamanderID2025_599
655,SeaTurtleID2022_t104
656,new_individual
662,SalamanderID2025_500
669,SeaTurtleID2022_t317
670,SeaTurtleID2022_t610
672,SeaTurtleID2022_t610
673,new_individual
676,new_individual
678,SeaTurtleID2022_t148
683,new_individual
685,new_individual
690,SeaTurtleID2022_t048
694,new_individual
699,new_individual
704,SeaTurtleID2022_t227
707,SeaTurtleID2022_t227
711,SeaTurtleID2022_t103
712,new_individual
713,SeaTurtleID2022_t044
715,SeaTurtleID2022_t264
719,SeaTurtleID2022_t379
722,new_individual
724,new_individual
726,SeaTurtleID2022_t323
730,SalamanderID2025_500
734,SalamanderID2025_500
735,SalamanderID2025_565
738,new_individual
739,SeaTurtleID2022_t044
741,SeaTurtleID2022_t264
749,SeaTurtleID2022_t104
750,SeaTurtleID2022_t048
751,SeaTurtleID2022_t048
753,new_individual
760,new_individual
761,SeaTurtleID2022_t048
764,SalamanderID2025_39
766,SalamanderID2025_500
770,LynxID2025_lynx_72
776,new_individual
781,SeaTurtleID2022_t044
782,new_individual
784,new_individual
786,new_individual
787,SeaTurtleID2022_t044
790,LynxID2025_lynx_43
791,SeaTurtleID2022_t048
793,new_individual
794,SeaTurtleID2022_t148
795,SeaTurtleID2022_t079
797,new_individual
798,new_individual
800,SeaTurtleID2022_t048
804,SeaTurtleID2022_t048
808,LynxID2025_lynx_43
817,SeaTurtleID2022_t260
819,SalamanderID2025_38
824,SeaTurtleID2022_t110
840,SeaTurtleID2022_t382
849,SeaTurtleID2022_t082
855,SeaTurtleID2022_t110
859,SalamanderID2025_144
865,SeaTurtleID2022_t235
871,SeaTurtleID2022_t148
872,new_individual
874,SalamanderID2025_315
881,SeaTurtleID2022_t044
886,new_individual
887,new_individual
893,SalamanderID2025_137
897,LynxID2025_lynx_95
904,LynxID2025_lynx_43
907,LynxID2025_lynx_43
915,new_individual
917,new_individual
920,new_individual
939,new_individual
941,new_individual
945,new_individual
951,SeaTurtleID2022_t044
962,LynxID2025_lynx_72
963,SeaTurtleID2022_t044
964,SalamanderID2025_441
969,new_individual
980,new_individual
983,SeaTurtleID2022_t250
985,SalamanderID2025_137
990,SeaTurtleID2022_t048
991,SalamanderID2025_144
992,SeaTurtleID2022_t610
994,SeaTurtleID2022_t048
995,SeaTurtleID2022_t079
1000,SeaTurtleID2022_t317
1001,new_individual
1005,SeaTurtleID2022_t264
1006,LynxID2025_lynx_72
1008,LynxID2025_lynx_43
1011,new_individual
1012,new_individual
1013,new_individual
1019,SeaTurtleID2022_t048
1021,new_individual
1031,LynxID2025_lynx_95
1034,new_individual
1039,new_individual
1042,SeaTurtleID2022_t048
1045,SeaTurtleID2022_t048
1046,LynxID2025_lynx_72
1047,SalamanderID2025_446
1048,SeaTurtleID2022_t082
1053,SeaTurtleID2022_t497
1055,LynxID2025_lynx_56
1057,new_individual
1060,new_individual
1064,SeaTurtleID2022_t048
1065,new_individual
1068,SalamanderID2025_39
1069,new_individual
1071,new_individual
1075,SeaTurtleID2022_t459
1089,new_individual
1090,SalamanderID2025_446
1094,new_individual
1095,SeaTurtleID2022_t436
1096,SalamanderID2025_641
1107,new_individual
1108,new_individual
1111,new_individual
1115,new_individual
1119,new_individual
1120,new_individual
1122,new_individual
1131,new_individual
1135,new_individual
1137,SeaTurtleID2022_t048
1139,SalamanderID2025_203
1143,new_individual
1147,SalamanderID2025_119
1153,new_individual
1154,new_individual
1162,new_individual
1163,SalamanderID2025_480
1164,SalamanderID2025_39
1175,LynxID2025_lynx_43
1182,SalamanderID2025_290
1191,SeaTurtleID2022_t020
1192,LynxID2025_lynx_43
1197,SeaTurtleID2022_t048
1198,SalamanderID2025_500
1203,new_individual
1205,new_individual
1207,SalamanderID2025_323
1209,new_individual
1211,LynxID2025_lynx_72
1213,new_individual
1214,SalamanderID2025_144
1221,SeaTurtleID2022_t148
1223,new_individual
1225,new_individual
1232,SalamanderID2025_500
1233,SalamanderID2025_144
1234,SalamanderID2025_67
1235,SalamanderID2025_480
1237,SeaTurtleID2022_t379
1245,LynxID2025_lynx_72
1247,SeaTurtleID2022_t264
1248,SeaTurtleID2022_t131
1249,SeaTurtleID2022_t131
1255,new_individual
1259,SeaTurtleID2022_t048
1264,new_individual
1266,SeaTurtleID2022_t048
1267,SeaTurtleID2022_t319
1270,SalamanderID2025_137
1271,SeaTurtleID2022_t168
1277,SeaTurtleID2022_t116
1278,SalamanderID2025_67
1280,SeaTurtleID2022_t044
1288,new_individual
1297,new_individual
1309,SeaTurtleID2022_t048
1311,SeaTurtleID2022_t048
1313,SeaTurtleID2022_t048
1318,SalamanderID2025_137
1322,new_individual
1325,SeaTurtleID2022_t044
1330,SeaTurtleID2022_t104
1335,SalamanderID2025_137
1343,new_individual
1345,new_individual
1349,new_individual
1351,new_individual
1353,new_individual
1363,new_individual
1367,new_individual
1368,new_individual
1370,SeaTurtleID2022_t048
1371,SeaTurtleID2022_t610
1375,SalamanderID2025_599
1385,SeaTurtleID2022_t048
1388,new_individual
1392,SeaTurtleID2022_t048
1394,new_individual
1399,new_individual
1403,new_individual
1406,LynxID2025_lynx_72
1410,new_individual
1413,SalamanderID2025_39
1416,new_individual
1421,new_individual
1425,SeaTurtleID2022_t042
1427,SeaTurtleID2022_t048
1428,new_individual
1431,new_individual
1432,SeaTurtleID2022_t048
1433,SalamanderID2025_498
1439,new_individual
1441,LynxID2025_lynx_43
1444,new_individual
1447,new_individual
1453,SeaTurtleID2022_t044
1454,LynxID2025_lynx_43
1455,new_individual
1457,new_individual
1465,SeaTurtleID2022_t264
1466,SeaTurtleID2022_t044
1474,SeaTurtleID2022_t048
1475,SeaTurtleID2022_t048
1491,SeaTurtleID2022_t110
1492,SeaTurtleID2022_t317
1493,LynxID2025_lynx_72
1494,SeaTurtleID2022_t379
1504,LynxID2025_lynx_95
1509,new_individual
1513,SeaTurtleID2022_t148
1525,new_individual
1526,SalamanderID2025_290
1527,SeaTurtleID2022_t373
1538,SeaTurtleID2022_t048
1539,SeaTurtleID2022_t048
1541,LynxID2025_lynx_43
1545,SeaTurtleID2022_t171
1546,SalamanderID2025_39
1547,new_individual
1550,new_individual
1557,SalamanderID2025_67
1559,SalamanderID2025_302
1566,new_individual
1573,SalamanderID2025_633
1574,new_individual
1575,new_individual
1578,LynxID2025_lynx_45
1580,new_individual
1583,SeaTurtleID2022_t250
1585,LynxID2025_lynx_74
1586,new_individual
1588,SeaTurtleID2022_t136
1592,SeaTurtleID2022_t497
1594,LynxID2025_lynx_43
1596,new_individual
1600,SeaTurtleID2022_t104
1607,SeaTurtleID2022_t379
1610,SalamanderID2025_67
1612,SeaTurtleID2022_t044
1615,SeaTurtleID2022_t148
1616,SalamanderID2025_137
1619,new_individual
1621,SeaTurtleID2022_t108
1625,SeaTurtleID2022_t048
1628,SeaTurtleID2022_t048
1631,SeaTurtleID2022_t048
1632,SeaTurtleID2022_t073
1641,new_individual
1643,new_individual
1651,SeaTurtleID2022_t048
1652,LynxID2025_lynx_40
1659,SalamanderID2025_39
1660,new_individual
1666,LynxID2025_lynx_43
1673,new_individual
1674,SeaTurtleID2022_t048
1681,new_individual
1684,new_individual
1688,new_individual
1689,new_individual
1694,new_individual
1701,SeaTurtleID2022_t379
1704,SeaTurtleID2022_t044
1714,SeaTurtleID2022_t171
1725,SeaTurtleID2022_t610
1726,SalamanderID2025_323
1728,new_individual
1735,LynxID2025_lynx_72
1743,SeaTurtleID2022_t048
1744,new_individual
1749,SeaTurtleID2022_t044
1759,SalamanderID2025_39
1774,SeaTurtleID2022_t044
1776,SeaTurtleID2022_t331
1777,new_individual
1790,new_individual
1795,SeaTurtleID2022_t610
1804,SeaTurtleID2022_t048
1806,SeaTurtleID2022_t148
1812,new_individual
1818,new_individual
1820,SalamanderID2025_67
1823,new_individual
1829,SalamanderID2025_137
1834,SalamanderID2025_500
1835,LynxID2025_lynx_95
1836,SeaTurtleID2022_t382
1840,SeaTurtleID2022_t048
1843,SalamanderID2025_137
1854,SeaTurtleID2022_t379
1861,SeaTurtleID2022_t379
1867,new_individual
1869,SeaTurtleID2022_t044
1870,LynxID2025_lynx_88
1871,SeaTurtleID2022_t436
1873,LynxID2025_lynx_43
1874,SeaTurtleID2022_t048
1878,SeaTurtleID2022_t048
1892,new_individual
1894,new_individual
1897,new_individual
1899,new_individual
1901,new_individual
1903,new_individual
1913,new_individual
1917,LynxID2025_lynx_47
1921,LynxID2025_lynx_43
1923,new_individual
1925,new_individual
1930,SalamanderID2025_446
1935,SeaTurtleID2022_t044
1936,SalamanderID2025_500
1937,LynxID2025_lynx_95
1939,new_individual
1941,new_individual
1943,SalamanderID2025_39
1945,new_individual
1951,SeaTurtleID2022_t610
1955,new_individual
1957,new_individual
1961,new_individual
1965,SeaTurtleID2022_t048
1969,new_individual
1971,SeaTurtleID2022_t103
1975,SeaTurtleID2022_t264
1981,SeaTurtleID2022_t028
1985,LynxID2025_lynx_95
1991,SeaTurtleID2022_t082
2005,SeaTurtleID2022_t325
2007,SeaTurtleID2022_t104
2008,SeaTurtleID2022_t044
2014,SeaTurtleID2022_t271
2029,new_individual
2030,new_individual
2035,new_individual
2037,new_individual
2038,SalamanderID2025_500
2040,SalamanderID2025_137
2044,new_individual
2049,SeaTurtleID2022_t148
2057,new_individual
2058,SeaTurtleID2022_t044
2078,SalamanderID2025_137
2079,new_individual
2081,LynxID2025_lynx_72
2082,LynxID2025_lynx_72
2086,new_individual
2090,SeaTurtleID2022_t044
2091,new_individual
2105,SeaTurtleID2022_t044
2106,SeaTurtleID2022_t088
2107,new_individual
2110,new_individual
2117,new_individual
2118,SeaTurtleID2022_t048
2119,SalamanderID2025_517
2124,LynxID2025_lynx_72
2127,SeaTurtleID2022_t264
2129,new_individual
2136,new_individual
2137,SeaTurtleID2022_t048
2144,new_individual
2146,SalamanderID2025_500
2151,new_individual
2161,SeaTurtleID2022_t131
2164,new_individual
2166,SeaTurtleID2022_t230
2169,new_individual
2170,LynxID2025_lynx_72
2174,LynxID2025_lynx_28
2178,SalamanderID2025_150
2184,LynxID2025_lynx_43
2190,SalamanderID2025_557
2196,SeaTurtleID2022_t250
2198,new_individual
2200,new_individual
2205,LynxID2025_lynx_43
2207,new_individual
2208,new_individual
2219,new_individual
2220,SalamanderID2025_24
2222,new_individual
2226,LynxID2025_lynx_74
2228,new_individual
2231,SeaTurtleID2022_t048
2232,SeaTurtleID2022_t264
2235,new_individual
2246,SeaTurtleID2022_t103
2248,new_individual
2257,new_individual
2265,SeaTurtleID2022_t168
2268,new_individual
2272,SalamanderID2025_315
2283,new_individual
2290,new_individual
2292,LynxID2025_lynx_47
2293,new_individual
2294,new_individual
2301,new_individual
2303,new_individual
2307,SalamanderID2025_39
2313,new_individual
2320,new_individual
2322,SeaTurtleID2022_t048
2324,new_individual
2326,new_individual
2330,SeaTurtleID2022_t048
2336,new_individual
2338,SalamanderID2025_500
2343,SeaTurtleID2022_t436
2369,new_individual
2375,new_individual
2379,new_individual
2385,LynxID2025_lynx_47
2388,SeaTurtleID2022_t264
2389,SeaTurtleID2022_t291
2390,new_individual
2399,SalamanderID2025_475
2403,new_individual
2404,new_individual
2406,SalamanderID2025_50
2408,LynxID2025_lynx_40
2409,new_individual
2411,SeaTurtleID2022_t043
2426,SeaTurtleID2022_t285
2435,new_individual
2437,new_individual
2441,new_individual
2469,new_individual
2472,SalamanderID2025_446
2473,SeaTurtleID2022_t168
2477,new_individual
2478,SalamanderID2025_641
2487,SeaTurtleID2022_t294
2491,SalamanderID2025_500
2495,new_individual
2496,new_individual
2501,SalamanderID2025_498
2511,SalamanderID2025_633
2512,SeaTurtleID2022_t048
2518,LynxID2025_lynx_95
2525,SalamanderID2025_446
2527,new_individual
2529,new_individual
2530,SeaTurtleID2022_t103
2534,LynxID2025_lynx_43
2544,SeaTurtleID2022_t168
2545,new_individual
2546,new_individual
2549,SeaTurtleID2022_t044
2552,SeaTurtleID2022_t168
2554,new_individual
2555,LynxID2025_lynx_72
2562,LynxID2025_lynx_72
2564,LynxID2025_lynx_72
2580,SeaTurtleID2022_t382
2591,SeaTurtleID2022_t405
2592,SalamanderID2025_500
2601,new_individual
2606,new_individual
2613,LynxID2025_lynx_41
2625,new_individual
2626,LynxID2025_lynx_43
2631,SeaTurtleID2022_t073
2638,new_individual
2643,SeaTurtleID2022_t110
2644,new_individual
2648,new_individual
2654,LynxID2025_lynx_43
2655,SalamanderID2025_652
2657,SeaTurtleID2022_t044
2687,new_individual
2689,SalamanderID2025_137
2705,SeaTurtleID2022_t044
2706,SeaTurtleID2022_t044
2709,SalamanderID2025_205
2713,SeaTurtleID2022_t048
2718,new_individual
2721,new_individual
2724,new_individual
2725,SeaTurtleID2022_t048
2726,new_individual
2731,SeaTurtleID2022_t264
2733,SeaTurtleID2022_t048
2734,SeaTurtleID2022_t110
2744,new_individual
2754,SeaTurtleID2022_t048
2758,new_individual
2759,LynxID2025_lynx_95
2760,SalamanderID2025_39
2770,SeaTurtleID2022_t168
2787,new_individual
2789,LynxID2025_lynx_50
2790,new_individual
2794,SeaTurtleID2022_t044
2797,new_individual
2801,SalamanderID2025_302
2803,SeaTurtleID2022_t066
2807,SeaTurtleID2022_t382
2811,SalamanderID2025_480
2812,new_individual
2823,SeaTurtleID2022_t048
2829,new_individual
2831,SeaTurtleID2022_t261
2834,LynxID2025_lynx_40
2840,SalamanderID2025_500
2841,new_individual
2844,LynxID2025_lynx_43
2845,new_individual
2846,new_individual
2847,SalamanderID2025_144
2848,new_individual
2851,SeaTurtleID2022_t048
2865,LynxID2025_lynx_72
2871,SalamanderID2025_39
2873,new_individual
2876,LynxID2025_lynx_95
2889,LynxID2025_lynx_72
2893,new_individual
2894,SalamanderID2025_513
2896,LynxID2025_lynx_72
2914,SalamanderID2025_144
2920,SalamanderID2025_290
2921,new_individual
2933,SeaTurtleID2022_t048
2934,SalamanderID2025_565
2942,new_individual
2948,LynxID2025_lynx_47
2949,SeaTurtleID2022_t048
2951,new_individual
2952,LynxID2025_lynx_47
2957,SeaTurtleID2022_t610
2961,new_individual
2963,new_individual
2968,SeaTurtleID2022_t343
2973,SeaTurtleID2022_t610
2976,SeaTurtleID2022_t148
2978,new_individual
2981,new_individual
2985,SalamanderID2025_488
2999,SalamanderID2025_500
3001,SeaTurtleID2022_t048
3003,new_individual
3007,SalamanderID2025_500
3013,new_individual
3014,SalamanderID2025_633
3018,new_individual
3020,SalamanderID2025_327
3021,SalamanderID2025_39
3027,SalamanderID2025_119
3029,SeaTurtleID2022_t048
3032,new_individual
3034,SeaTurtleID2022_t405
3035,new_individual
3036,SeaTurtleID2022_t168
3037,SalamanderID2025_500
3038,LynxID2025_lynx_43
3045,new_individual
3046,SalamanderID2025_144
3055,SeaTurtleID2022_t227
3059,new_individual
3069,LynxID2025_lynx_72
3074,LynxID2025_lynx_07
3086,new_individual
3090,LynxID2025_lynx_09
3091,LynxID2025_lynx_95
3097,new_individual
3099,SeaTurtleID2022_t044
3106,new_individual
3108,SalamanderID2025_500
3111,LynxID2025_lynx_72
3116,SalamanderID2025_144
3118,new_individual
3130,LynxID2025_lynx_95
3133,SalamanderID2025_500
3138,LynxID2025_lynx_49
3142,SeaTurtleID2022_t264
3144,SalamanderID2025_39
3153,SalamanderID2025_500
3155,SeaTurtleID2022_t044
3156,new_individual
3157,LynxID2025_lynx_18
3167,LynxID2025_lynx_43
3177,SalamanderID2025_39
3178,SeaTurtleID2022_t044
3181,SalamanderID2025_557
3183,new_individual
3193,SeaTurtleID2022_t048
3201,SalamanderID2025_500
3204,new_individual
3205,new_individual
3215,new_individual
3217,LynxID2025_lynx_95
3220,SalamanderID2025_39
3221,new_individual
3222,LynxID2025_lynx_72
3231,SalamanderID2025_67
3232,SeaTurtleID2022_t048
3239,SeaTurtleID2022_t379
3242,new_individual
3245,new_individual
3249,SeaTurtleID2022_t044
3256,SalamanderID2025_39
3259,SeaTurtleID2022_t294
3261,SeaTurtleID2022_t148
3263,SeaTurtleID2022_t131
3267,new_individual
3270,SalamanderID2025_39
3274,SeaTurtleID2022_t610
3277,SalamanderID2025_446
3281,new_individual
3284,LynxID2025_lynx_47
3286,new_individual
3287,SeaTurtleID2022_t422
3297,SalamanderID2025_39
3305,SalamanderID2025_144
3310,SeaTurtleID2022_t131
3314,LynxID2025_lynx_40
3323,SeaTurtleID2022_t264
3331,new_individual
3335,SalamanderID2025_39
3338,SeaTurtleID2022_t313
3339,new_individual
3344,SalamanderID2025_119
3348,LynxID2025_lynx_72
3352,new_individual
3353,SalamanderID2025_557
3356,new_individual
3357,SeaTurtleID2022_t148
3358,SeaTurtleID2022_t082
3366,SeaTurtleID2022_t044
3372,new_individual
3380,SeaTurtleID2022_t610
3382,SalamanderID2025_137
3386,LynxID2025_lynx_72
3389,SalamanderID2025_441
3390,SeaTurtleID2022_t037
3400,SeaTurtleID2022_t148
3401,SalamanderID2025_633
3409,new_individual
3412,new_individual
3416,SeaTurtleID2022_t048
3418,SalamanderID2025_124
3420,new_individual
3424,SeaTurtleID2022_t317
3427,new_individual
3429,new_individual
3434,LynxID2025_lynx_31
3435,LynxID2025_lynx_74
3436,new_individual
3437,LynxID2025_lynx_40
3439,SeaTurtleID2022_t048
3441,SalamanderID2025_302
3446,SeaTurtleID2022_t048
3449,new_individual
3450,new_individual
3452,new_individual
3469,new_individual
3474,new_individual
3477,LynxID2025_lynx_95
3480,new_individual
3481,LynxID2025_lynx_58
3484,SalamanderID2025_500
3487,new_individual
3490,SalamanderID2025_518
3494,SeaTurtleID2022_t430
3497,SeaTurtleID2022_t171
3500,new_individual
3501,LynxID2025_lynx_40
3502,LynxID2025_lynx_43
3508,new_individual
3511,LynxID2025_lynx_95
3513,LynxID2025_lynx_86
3521,new_individual
3524,SeaTurtleID2022_t254
3526,new_individual
3529,SalamanderID2025_39
3530,LynxID2025_lynx_43
3539,SalamanderID2025_633
3540,SalamanderID2025_543
3542,SeaTurtleID2022_t048
3545,LynxID2025_lynx_43
3548,SeaTurtleID2022_t379
3550,new_individual
3565,new_individual
3566,new_individual
3568,new_individual
3570,new_individual
3574,SeaTurtleID2022_t337
3582,SalamanderID2025_39
3585,new_individual
3595,new_individual
3597,LynxID2025_lynx_43
3605,new_individual
3626,new_individual
3633,new_individual
3638,SalamanderID2025_518
3643,SeaTurtleID2022_t048
3645,LynxID2025_lynx_47
3648,LynxID2025_lynx_18
3654,new_individual
3655,LynxID2025_lynx_43
3657,SeaTurtleID2022_t044
3660,SalamanderID2025_652
3666,SeaTurtleID2022_t148
3670,new_individual
3672,SeaTurtleID2022_t044
3675,SeaTurtleID2022_t044
3676,SeaTurtleID2022_t132
3677,SalamanderID2025_39
3682,new_individual
3690,SalamanderID2025_137
3691,LynxID2025_lynx_72
3692,new_individual
3696,LynxID2025_lynx_40
3698,SalamanderID2025_137
3706,SalamanderID2025_480
3725,SeaTurtleID2022_t048
3727,new_individual
3729,SalamanderID2025_108
3739,SeaTurtleID2022_t044
3749,SeaTurtleID2022_t148
3750,new_individual
3762,new_individual
3763,new_individual
3766,SeaTurtleID2022_t148
3768,new_individual
3793,new_individual
3794,SalamanderID2025_480
3808,new_individual
3822,SalamanderID2025_480
3823,new_individual
3836,new_individual
3837,SeaTurtleID2022_t110
3849,LynxID2025_lynx_74
3861,LynxID2025_lynx_72
3862,new_individual
3866,LynxID2025_lynx_72
3867,LynxID2025_lynx_43
3874,new_individual
3876,LynxID2025_lynx_43
3887,new_individual
3897,LynxID2025_lynx_43
3900,LynxID2025_lynx_43
3902,SeaTurtleID2022_t048
5291,new_individual
5292,new_individual
5293,new_individual
5294,new_individual
5295,new_individual
5296,new_individual
5297,new_individual
5298,new_individual
5299,new_individual
5300,new_individual
5301,new_individual
5302,new_individual
5303,new_individual
5304,new_individual
5305,new_individual
5306,new_individual
5307,new_individual
5308,new_individual
5309,new_individual
5310,new_individual
5311,new_individual
5312,new_individual
5313,new_individual
5314,new_individual
5315,new_individual
5316,new_individual
5317,new_individual
5318,new_individual
5319,new_individual
5320,new_individual
5321,new_individual
5322,new_individual
5323,new_individual
5324,new_individual
5325,new_individual
5326,new_individual
5327,new_individual
5328,new_individual
5329,new_individual
5330,new_individual
5331,new_individual
5332,new_individual
5333,new_individual
5334,SalamanderID2025_107
5335,new_individual
5336,new_individual
5337,new_individual
5338,new_individual
5339,new_individual
5340,new_individual
5341,new_individual
5342,new_individual
5343,new_individual
5344,new_individual
5345,new_individual
5346,new_individual
5347,new_individual
5348,new_individual
5349,new_individual
5350,new_individual
5351,new_individual
5352,new_individual
5353,new_individual
5354,new_individual
5355,new_individual
5356,new_individual
5357,new_individual
5358,new_individual
5359,new_individual
5360,new_individual
5361,new_individual
5362,new_individual
5363,new_individual
5364,new_individual
5365,new_individual
5366,new_individual
5367,new_individual
5368,new_individual
5369,SeaTurtleID2022_t568
5370,new_individual
5371,new_individual
5372,new_individual
5373,new_individual
5374,new_individual
5375,new_individual
5376,new_individual
5377,new_individual
5378,new_individual
5379,new_individual
5380,new_individual
5381,new_individual
5382,new_individual
5383,new_individual
5384,new_individual
5385,new_individual
5386,new_individual
5387,new_individual
5388,new_individual
5389,new_individual
5390,new_individual
5391,new_individual
5392,new_individual
5393,new_individual
5394,new_individual
5395,new_individual
5396,new_individual
5397,new_individual
5398,new_individual
5399,new_individual
5400,new_individual
5401,new_individual
5402,new_individual
5403,new_individual
5404,new_individual
5405,new_individual
5406,new_individual
5407,new_individual
5408,new_individual
5409,new_individual
5410,new_individual
5411,new_individual
5412,new_individual
5413,new_individual
5414,new_individual
5415,new_individual
5416,new_individual
5417,new_individual
5418,new_individual
5419,new_individual
5420,new_individual
5421,new_individual
5422,new_individual
5423,new_individual
5424,new_individual
5425,new_individual
5426,new_individual
5427,new_individual
5428,new_individual
5429,new_individual
5430,new_individual
5431,new_individual
5432,new_individual
5433,new_individual
5434,new_individual
5435,new_individual
5436,new_individual
5437,new_individual
5438,new_individual
5439,new_individual
5440,new_individual
5441,new_individual
5442,new_individual
5443,new_individual
5444,new_individual
5445,new_individual
5446,new_individual
5447,new_individual
5448,new_individual
5449,new_individual
5450,new_individual
5451,new_individual
5452,new_individual
5453,new_individual
5454,new_individual
5455,new_individual
5456,new_individual
5457,new_individual
5458,new_individual
5459,new_individual
5460,new_individual
5461,new_individual
5462,new_individual
5463,new_individual
5464,new_individual
5465,new_individual
5466,new_individual
5467,new_individual
5468,new_individual
5469,new_individual
5470,new_individual
5471,new_individual
5472,new_individual
5473,new_individual
5474,new_individual
5475,new_individual
5476,new_individual
5477,new_individual
5478,new_individual
5479,new_individual
5480,new_individual
5481,new_individual
5482,new_individual
5483,new_individual
5484,new_individual
5485,new_individual
5486,new_individual
5487,new_individual
5488,new_individual
5489,new_individual
5490,new_individual
5491,new_individual
5492,new_individual
5493,new_individual
5494,new_individual
5495,new_individual
5496,new_individual
5497,new_individual
5498,new_individual
5499,new_individual
5500,new_individual
5501,new_individual
5502,new_individual
5503,new_individual
5504,new_individual
5505,new_individual
5506,new_individual
5507,new_individual
5508,new_individual
5509,new_individual
5510,new_individual
5511,new_individual
5512,new_individual
5513,new_individual
5514,new_individual
5515,new_individual
5516,new_individual
5517,new_individual
5518,new_individual
5519,new_individual
5520,new_individual
5521,new_individual
5522,new_individual
5523,new_individual
5524,new_individual
5525,new_individual
5526,new_individual
5527,new_individual
5528,new_individual
5529,new_individual
5530,new_individual
5531,new_individual
5532,new_individual
5533,new_individual
5534,new_individual
5535,new_individual
5536,new_individual
5537,SalamanderID2025_521
5538,new_individual
5539,new_individual
5540,new_individual
5541,new_individual
5542,new_individual
5543,new_individual
5544,new_individual
5545,new_individual
5546,new_individual
5547,new_individual
5548,new_individual
5549,new_individual
5550,new_individual
5551,new_individual
5552,new_individual
5553,new_individual
5554,new_individual
5555,new_individual
5556,new_individual
5557,new_individual
5558,new_individual
5559,new_individual
5560,new_individual
5561,new_individual
5562,new_individual
5563,new_individual
5564,new_individual
5565,new_individual
5566,new_individual
5567,new_individual
5568,new_individual
5569,new_individual
5570,new_individual
5571,new_individual
5572,new_individual
5573,new_individual
5574,new_individual
5575,new_individual
5576,new_individual
5577,new_individual
5578,new_individual
5579,new_individual
5580,new_individual
5581,new_individual
5582,new_individual
5583,new_individual
5584,new_individual
5585,new_individual
5586,new_individual
5587,new_individual
5588,new_individual
5589,new_individual
5590,new_individual
5591,new_individual
5592,new_individual
5593,new_individual
5594,new_individual
5595,new_individual
5596,new_individual
5597,SalamanderID2025_445
5598,new_individual
5599,new_individual
5600,new_individual
5601,new_individual
5602,new_individual
5603,new_individual
5604,new_individual
5605,new_individual
5606,new_individual
5607,new_individual
5608,new_individual
5609,new_individual
5610,new_individual
5611,new_individual
5612,new_individual
5613,new_individual
5614,new_individual
5615,new_individual
5616,new_individual
5617,new_individual
5618,new_individual
5619,new_individual
5620,new_individual
5621,new_individual
5622,new_individual
5623,new_individual
5624,new_individual
5625,new_individual
5626,new_individual
5627,new_individual
5628,new_individual
5629,new_individual
5630,new_individual
5631,new_individual
5632,new_individual
5633,new_individual
5634,new_individual
5635,new_individual
5636,new_individual
5637,new_individual
5638,new_individual
5639,new_individual
5640,new_individual
5641,new_individual
5642,LynxID2025_lynx_68
5643,new_individual
5644,new_individual
5645,new_individual
5646,new_individual
5647,new_individual
5648,new_individual
5649,new_individual
5650,new_individual
5651,new_individual
5652,new_individual
5653,new_individual
5654,new_individual
5655,new_individual
5656,new_individual
5657,new_individual
5658,new_individual
5659,new_individual
5660,new_individual
5661,new_individual
5662,new_individual
5663,new_individual
5664,new_individual
5665,new_individual
5666,new_individual
5667,new_individual
5668,new_individual
5669,new_individual
5670,new_individual
5671,new_individual
5672,new_individual
5673,new_individual
5674,new_individual
5675,new_individual
5676,new_individual
5677,new_individual
5678,new_individual
5679,new_individual
5680,new_individual
5681,new_individual
5682,new_individual
5683,new_individual
5684,new_individual
5685,new_individual
5686,new_individual
5687,new_individual
5688,new_individual
5689,new_individual
5690,new_individual
5691,new_individual
5692,new_individual
5693,new_individual
5694,new_individual
5695,new_individual
5696,new_individual
5697,new_individual
5698,new_individual
5699,new_individual
5700,new_individual
5701,new_individual
5702,new_individual
5703,new_individual
5704,new_individual
5705,new_individual
5706,new_individual
5707,new_individual
5708,new_individual
5709,new_individual
5710,new_individual
5711,new_individual
5712,new_individual
5713,new_individual
5714,new_individual
5715,new_individual
5716,new_individual
5717,new_individual
5718,new_individual
5719,new_individual
5720,new_individual
5721,new_individual
5722,new_individual
5723,new_individual
5724,new_individual
5725,new_individual
5726,new_individual
5727,SeaTurtleID2022_t453
5728,new_individual
5729,new_individual
5730,new_individual
5731,new_individual
5732,new_individual
5733,new_individual
5734,new_individual
5735,new_individual
5736,new_individual
5737,new_individual
5738,new_individual
5739,new_individual
5740,new_individual
5741,new_individual
5742,new_individual
5743,new_individual
5744,new_individual
5745,new_individual
5746,new_individual
5747,new_individual
5748,new_individual
5749,new_individual
5750,new_individual
5751,new_individual
5752,new_individual
5753,new_individual
5754,new_individual
5755,new_individual
5756,new_individual
5757,new_individual
5758,new_individual
5759,new_individual
5760,new_individual
5761,new_individual
5762,new_individual
5763,new_individual
5764,new_individual
5765,new_individual
5766,new_individual
5767,new_individual
5768,new_individual
5769,new_individual
5770,new_individual
5771,new_individual
5772,new_individual
5773,new_individual
5774,new_individual
5775,new_individual
5776,new_individual
5777,new_individual
5778,new_individual
5779,new_individual
5780,new_individual
5781,new_individual
5782,new_individual
5783,new_individual
5784,new_individual
5785,new_individual
5786,new_individual
5787,new_individual
5788,new_individual
5789,new_individual
5790,new_individual
5791,new_individual
5792,new_individual
5793,new_individual
5794,new_individual
5795,new_individual
5796,new_individual
5797,new_individual
5798,new_individual
5799,new_individual
5800,new_individual
5801,new_individual
5802,new_individual
5803,new_individual
5804,new_individual
5805,new_individual
5806,new_individual
5807,new_individual
5808,new_individual
5809,new_individual
5810,new_individual
5811,new_individual
5812,new_individual
5813,new_individual
5814,new_individual
5815,new_individual
5816,new_individual
5817,new_individual
5818,new_individual
5819,new_individual
5820,new_individual
5821,new_individual
5822,new_individual
5823,new_individual
5824,new_individual
5825,new_individual
5826,new_individual
5827,new_individual
5828,new_individual
5829,new_individual
5830,new_individual
5831,new_individual
5832,new_individual
5833,new_individual
5834,new_individual
5835,new_individual
5836,new_individual
5837,new_individual
5838,new_individual
5839,new_individual
5840,new_individual
5841,new_individual
5842,new_individual
5843,new_individual
5844,new_individual
5845,new_individual
5846,new_individual
5847,new_individual
5848,new_individual
5849,new_individual
5850,new_individual
5851,new_individual
5852,new_individual
5853,new_individual
5854,new_individual
5855,new_individual
5856,new_individual
5857,new_individual
5858,new_individual
5859,new_individual
5860,new_individual
5861,new_individual
5862,new_individual
5863,SeaTurtleID2022_t343
5864,new_individual
5865,new_individual
5866,new_individual
5867,new_individual
5868,new_individual
5869,new_individual
5870,new_individual
5871,new_individual
5872,new_individual
5873,new_individual
5874,new_individual
5875,new_individual
5876,new_individual
5877,new_individual
5878,new_individual
5879,new_individual
5880,new_individual
5881,SeaTurtleID2022_t227
5882,new_individual
5883,new_individual
5884,new_individual
5885,new_individual
5886,new_individual
5887,new_individual
5888,new_individual
5889,new_individual
5890,new_individual
5891,new_individual
5892,new_individual
5893,new_individual
5894,new_individual
5895,new_individual
5896,new_individual
5897,new_individual
5898,new_individual
5899,new_individual
5900,new_individual
5901,new_individual
5902,new_individual
5903,new_individual
5904,new_individual
5905,new_individual
5906,new_individual
5907,new_individual
5908,new_individual
5909,new_individual
5910,new_individual
5911,new_individual
5912,new_individual
5913,new_individual
5914,new_individual
5915,new_individual
5916,new_individual
5917,new_individual
5918,new_individual
5919,new_individual
5920,new_individual
5921,new_individual
5922,new_individual
5923,new_individual
5924,new_individual
5925,new_individual
5926,new_individual
5927,new_individual
5928,new_individual
5929,new_individual
5930,new_individual
5931,new_individual
5932,new_individual
5933,new_individual
5934,new_individual
5935,new_individual
5936,new_individual
5937,new_individual
5938,new_individual
5939,new_individual
5940,new_individual
5941,new_individual
5942,new_individual
5943,new_individual
5944,new_individual
5945,new_individual
5946,new_individual
5947,new_individual
5948,new_individual
5949,new_individual
5950,new_individual
5951,new_individual
5952,new_individual
5953,new_individual
5954,new_individual
5955,new_individual
5956,new_individual
5957,new_individual
5958,new_individual
5959,new_individual
5960,new_individual
5961,new_individual
5962,new_individual
5963,new_individual
5964,new_individual
5965,new_individual
5966,new_individual
5967,new_individual
5968,new_individual
5969,new_individual
5970,new_individual
5971,new_individual
5972,new_individual
5973,new_individual
5974,new_individual
5975,new_individual
5976,new_individual
5977,new_individual
5978,new_individual
5979,new_individual
14709,SeaTurtleID2022_t424
14710,SalamanderID2025_74
14711,SeaTurtleID2022_t470
14712,LynxID2025_lynx_79
14713,new_individual
14714,SeaTurtleID2022_t139
14715,SeaTurtleID2022_t141
14716,new_individual
14717,SalamanderID2025_454
14718,LynxID2025_lynx_03
14719,new_individual
14720,LynxID2025_lynx_56
14721,SeaTurtleID2022_t033
14722,SeaTurtleID2022_t136
14723,SeaTurtleID2022_t080
14724,new_individual
14725,SeaTurtleID2022_t006
14726,SeaTurtleID2022_t110
14727,new_individual
14728,SeaTurtleID2022_t132
14729,SalamanderID2025_302
14730,SeaTurtleID2022_t266
14731,SeaTurtleID2022_t297
14732,new_individual
14733,SeaTurtleID2022_t033
14734,SeaTurtleID2022_t139
14735,SeaTurtleID2022_t080
14736,LynxID2025_lynx_49
14737,new_individual
14738,SeaTurtleID2022_t314
14739,SalamanderID2025_539
14740,new_individual
14741,SeaTurtleID2022_t048
14742,SeaTurtleID2022_t314
14743,SeaTurtleID2022_t080
14744,SeaTurtleID2022_t028
14745,SeaTurtleID2022_t350
14746,new_individual
14747,SalamanderID2025_428
14748,SeaTurtleID2022_t006
14749,SeaTurtleID2022_t035
14750,SalamanderID2025_454
14751,new_individual
14752,SalamanderID2025_498
14753,SalamanderID2025_538
14754,SeaTurtleID2022_t260
14755,SeaTurtleID2022_t132
14756,SalamanderID2025_229
14757,SalamanderID2025_497
14758,SeaTurtleID2022_t478
14759,SalamanderID2025_312
14760,new_individual
14761,SeaTurtleID2022_t350
14762,LynxID2025_lynx_43
14763,SeaTurtleID2022_t035
14764,SeaTurtleID2022_t214
14765,SeaTurtleID2022_t110
14766,SeaTurtleID2022_t080
14767,SalamanderID2025_451
14768,new_individual
14769,LynxID2025_lynx_55
14770,SalamanderID2025_500
14771,SeaTurtleID2022_t080
14772,SalamanderID2025_205
14773,new_individual
14774,SalamanderID2025_454
14775,SeaTurtleID2022_t024
14776,SalamanderID2025_565
14777,new_individual
14778,SalamanderID2025_516
14779,new_individual
14780,new_individual
14781,SeaTurtleID2022_t470
14782,SalamanderID2025_592
14783,SeaTurtleID2022_t390
14784,SalamanderID2025_636
14785,LynxID2025_lynx_43
14786,new_individual
14787,LynxID2025_lynx_56
14788,SeaTurtleID2022_t260
14789,new_individual
14790,LynxID2025_lynx_56
14791,SalamanderID2025_329
14792,LynxID2025_lynx_13
14793,SeaTurtleID2022_t200
14794,SalamanderID2025_454
14795,SeaTurtleID2022_t553
14796,new_individual
14797,SeaTurtleID2022_t020
14798,SeaTurtleID2022_t214
14799,SeaTurtleID2022_t343
14800,SalamanderID2025_41
14801,LynxID2025_lynx_38
14802,SeaTurtleID2022_t257
14803,SeaTurtleID2022_t266
14804,SeaTurtleID2022_t497
14805,SalamanderID2025_205
14806,new_individual
14807,LynxID2025_lynx_93
14808,SeaTurtleID2022_t214
14809,SeaTurtleID2022_t097
14810,SeaTurtleID2022_t223
14811,LynxID2025_lynx_56
14812,SeaTurtleID2022_t243
14813,SalamanderID2025_620
14814,SalamanderID2025_74
14815,SeaTurtleID2022_t132
14816,SeaTurtleID2022_t297
14817,SeaTurtleID2022_t470
14818,SalamanderID2025_516
14819,SeaTurtleID2022_t092
14820,SeaTurtleID2022_t035
14821,new_individual
14822,SeaTurtleID2022_t158
14823,SeaTurtleID2022_t014
14824,SeaTurtleID2022_t160
14825,SeaTurtleID2022_t110
14826,SalamanderID2025_41
14827,LynxID2025_lynx_92
14828,LynxID2025_lynx_49
14829,SeaTurtleID2022_t080
14830,SalamanderID2025_200
14831,SeaTurtleID2022_t141
14832,SeaTurtleID2022_t265
14833,SeaTurtleID2022_t407
14834,new_individual
14835,SeaTurtleID2022_t470
14836,SalamanderID2025_497
14837,SeaTurtleID2022_t104
14838,SalamanderID2025_167
14839,new_individual
14840,SeaTurtleID2022_t241
14841,new_individual
14842,SeaTurtleID2022_t048
14843,SeaTurtleID2022_t373
14844,SeaTurtleID2022_t297
14845,SeaTurtleID2022_t132
14846,SeaTurtleID2022_t260
14847,SalamanderID2025_41
14848,SalamanderID2025_41
14849,SeaTurtleID2022_t056
14850,SeaTurtleID2022_t401
14851,SeaTurtleID2022_t260
14852,SeaTurtleID2022_t241
14853,SalamanderID2025_172
14854,LynxID2025_lynx_13
14855,new_individual
14856,SalamanderID2025_356
14857,SalamanderID2025_74
14858,SeaTurtleID2022_t553
14859,new_individual
14860,SeaTurtleID2022_t022
14861,SeaTurtleID2022_t343
14862,SeaTurtleID2022_t145
14863,new_individual
14864,SeaTurtleID2022_t163
14865,new_individual
14866,SalamanderID2025_41
14867,new_individual
14868,SalamanderID2025_101
14869,SalamanderID2025_139
14870,SalamanderID2025_218
14871,SeaTurtleID2022_t296
14872,new_individual
14873,SalamanderID2025_41
14874,new_individual
14875,new_individual
14876,SeaTurtleID2022_t266
14877,SeaTurtleID2022_t248
14878,SeaTurtleID2022_t321
14879,new_individual
14880,SeaTurtleID2022_t442
14881,new_individual
14882,SeaTurtleID2022_t235
14883,new_individual
14884,LynxID2025_lynx_95
14885,new_individual
14886,SeaTurtleID2022_t442
14887,LynxID2025_lynx_43
14888,SeaTurtleID2022_t343
14889,new_individual
14890,SalamanderID2025_314
14891,SalamanderID2025_274
14892,SalamanderID2025_516
14893,SalamanderID2025_121
14894,LynxID2025_lynx_79
14895,SeaTurtleID2022_t160
14896,SalamanderID2025_581
14897,SeaTurtleID2022_t493
14898,new_individual
14899,SeaTurtleID2022_t243
14900,SalamanderID2025_454
14901,SeaTurtleID2022_t343
14902,new_individual
14903,SeaTurtleID2022_t433
14904,SalamanderID2025_205
14905,new_individual
14906,SalamanderID2025_354
14907,SeaTurtleID2022_t235
14908,LynxID2025_lynx_49
14909,LynxID2025_lynx_92
14910,SalamanderID2025_323
14911,SalamanderID2025_361
14912,LynxID2025_lynx_03
14913,SalamanderID2025_542
14914,SalamanderID2025_510
14915,new_individual
14916,SeaTurtleID2022_t590
14917,SeaTurtleID2022_t071
14918,SeaTurtleID2022_t392
14919,LynxID2025_lynx_43
14920,SeaTurtleID2022_t033
14921,SeaTurtleID2022_t419
14922,SeaTurtleID2022_t496
14923,SalamanderID2025_205
14924,SeaTurtleID2022_t401
14925,SeaTurtleID2022_t110
14926,SeaTurtleID2022_t339
14927,new_individual
14928,SeaTurtleID2022_t046
14929,SeaTurtleID2022_t239
14930,new_individual
14931,SalamanderID2025_483
14932,SeaTurtleID2022_t141
14933,SalamanderID2025_483
14934,SeaTurtleID2022_t297
14935,new_individual
14936,SeaTurtleID2022_t522
14937,SeaTurtleID2022_t586
14938,LynxID2025_lynx_03
14939,SeaTurtleID2022_t266
14940,SeaTurtleID2022_t570
14941,SalamanderID2025_209
14942,new_individual
14943,new_individual
14944,SeaTurtleID2022_t438
14945,SeaTurtleID2022_t017
14946,SeaTurtleID2022_t139
14947,SalamanderID2025_129
14948,new_individual
14949,SeaTurtleID2022_t343
14950,new_individual
14951,SalamanderID2025_38
14952,SeaTurtleID2022_t343
14953,new_individual
14954,SeaTurtleID2022_t297
14955,SeaTurtleID2022_t297
14956,SeaTurtleID2022_t297
14957,SalamanderID2025_312
14958,SeaTurtleID2022_t343
14959,SeaTurtleID2022_t591
14960,new_individual
14961,new_individual
14962,SalamanderID2025_74
14963,SeaTurtleID2022_t260
14964,new_individual
14965,new_individual
14966,SeaTurtleID2022_t586
14967,SeaTurtleID2022_t294
14968,SeaTurtleID2022_t168
14969,SeaTurtleID2022_t141
14970,new_individual
14971,SalamanderID2025_41
14972,SeaTurtleID2022_t139
14973,new_individual
14974,LynxID2025_lynx_03
14975,SalamanderID2025_28
14976,SalamanderID2025_454
14977,SeaTurtleID2022_t297
14978,SalamanderID2025_484
14979,SalamanderID2025_498
14980,SeaTurtleID2022_t260
14981,new_individual
14982,SalamanderID2025_500
14983,SeaTurtleID2022_t586
14984,SeaTurtleID2022_t424
14985,SeaTurtleID2022_t136
14986,SeaTurtleID2022_t343
14987,SalamanderID2025_199
14988,SeaTurtleID2022_t026
14989,LynxID2025_lynx_43
14990,new_individual
14991,new_individual
14992,SalamanderID2025_454
14993,SeaTurtleID2022_t260
14994,new_individual
14995,SeaTurtleID2022_t214
14996,SeaTurtleID2022_t139
14997,SeaTurtleID2022_t035
14998,SeaTurtleID2022_t014
14999,SeaTurtleID2022_t493
15000,LynxID2025_lynx_55
15001,SeaTurtleID2022_t175
15002,new_individual
15003,LynxID2025_lynx_45
15004,SeaTurtleID2022_t110
15005,SeaTurtleID2022_t297
15006,SeaTurtleID2022_t020
15007,new_individual
15008,SalamanderID2025_562
15009,SalamanderID2025_74
15010,SalamanderID2025_454
15011,SeaTurtleID2022_t235
15012,new_individual
15013,LynxID2025_lynx_49
15014,new_individual
15015,SalamanderID2025_499
15016,SalamanderID2025_483
15017,SalamanderID2025_22
15018,new_individual
15019,LynxID2025_lynx_03
15020,SalamanderID2025_41
15021,SeaTurtleID2022_t203
15022,SeaTurtleID2022_t063
15023,new_individual
15024,SalamanderID2025_139
15025,SalamanderID2025_74
15026,SeaTurtleID2022_t417
15027,new_individual
15028,SeaTurtleID2022_t143
15029,new_individual
15030,SeaTurtleID2022_t033
15031,SeaTurtleID2022_t034
15032,SalamanderID2025_483
15033,SeaTurtleID2022_t097
15034,LynxID2025_lynx_03
15035,new_individual
15036,new_individual
15037,new_individual
15038,SalamanderID2025_41
15039,SeaTurtleID2022_t141
15040,LynxID2025_lynx_28
15041,SeaTurtleID2022_t235
15042,SeaTurtleID2022_t001
15043,SeaTurtleID2022_t243
15044,SeaTurtleID2022_t493
15045,LynxID2025_lynx_79
15046,LynxID2025_lynx_03
15047,LynxID2025_lynx_49
15048,LynxID2025_lynx_03
15049,new_individual
15050,SeaTurtleID2022_t080
15051,SeaTurtleID2022_t343
15052,SalamanderID2025_269
15053,SalamanderID2025_334
15054,new_individual
15055,SeaTurtleID2022_t442
15056,SalamanderID2025_167
15057,SeaTurtleID2022_t415
15058,SeaTurtleID2022_t110
15059,SeaTurtleID2022_t335
15060,SalamanderID2025_356
15061,SeaTurtleID2022_t407
15062,SeaTurtleID2022_t020
15063,SeaTurtleID2022_t306
15064,SeaTurtleID2022_t470
15065,SeaTurtleID2022_t374
15066,SeaTurtleID2022_t214
15067,LynxID2025_lynx_95
15068,SalamanderID2025_167
15069,SeaTurtleID2022_t214
15070,SeaTurtleID2022_t297
15071,new_individual
15072,SalamanderID2025_41
15073,SeaTurtleID2022_t140
15074,LynxID2025_lynx_01
15075,new_individual
15076,SeaTurtleID2022_t425
15077,SeaTurtleID2022_t453
15078,SeaTurtleID2022_t048
15079,SeaTurtleID2022_t048
15080,SeaTurtleID2022_t048
15081,SalamanderID2025_200
15082,SalamanderID2025_535
15083,SeaTurtleID2022_t089
15084,SalamanderID2025_454
15085,SeaTurtleID2022_t140
15086,SeaTurtleID2022_t418
15087,SeaTurtleID2022_t048
15088,new_individual
15089,SeaTurtleID2022_t048
15090,SeaTurtleID2022_t003
15091,LynxID2025_lynx_49
15092,SeaTurtleID2022_t294
15093,SalamanderID2025_361
15094,new_individual
15095,SeaTurtleID2022_t300
15096,SalamanderID2025_41
15097,SeaTurtleID2022_t266
15098,SeaTurtleID2022_t139
15099,SeaTurtleID2022_t372
15100,SalamanderID2025_516
15101,new_individual
15102,SeaTurtleID2022_t257
15103,SeaTurtleID2022_t343
15104,SalamanderID2025_329
15105,new_individual
15106,SalamanderID2025_516
15107,LynxID2025_lynx_64
15108,SalamanderID2025_516
15109,SeaTurtleID2022_t229
15110,SalamanderID2025_85
15111,SalamanderID2025_205
15112,new_individual
15113,new_individual
15114,SalamanderID2025_454
15115,SeaTurtleID2022_t306
15116,LynxID2025_lynx_56
15117,SeaTurtleID2022_t260
15118,SeaTurtleID2022_t048
15119,SalamanderID2025_446
15120,SeaTurtleID2022_t283
15121,SeaTurtleID2022_t073
15122,SeaTurtleID2022_t292
15123,SalamanderID2025_451
15124,SeaTurtleID2022_t214
15125,new_individual
15126,SalamanderID2025_218
15127,SalamanderID2025_261
15128,new_individual
15129,SeaTurtleID2022_t020
15130,LynxID2025_lynx_43
15131,new_individual
15132,LynxID2025_lynx_92
15133,LynxID2025_lynx_49
15134,SalamanderID2025_454
15135,SeaTurtleID2022_t297
15136,LynxID2025_lynx_31
15137,new_individual
15138,SalamanderID2025_454
15139,new_individual
15140,new_individual
15141,SeaTurtleID2022_t266
15142,LynxID2025_lynx_52
15143,new_individual
15144,SeaTurtleID2022_t352
15145,SalamanderID2025_167
15146,SeaTurtleID2022_t048
15147,SeaTurtleID2022_t296
15148,SeaTurtleID2022_t033
15149,SeaTurtleID2022_t453
15150,SeaTurtleID2022_t493
15151,new_individual
15152,SeaTurtleID2022_t175
15153,SalamanderID2025_21
15154,new_individual
15155,new_individual
15156,SalamanderID2025_426
15157,SeaTurtleID2022_t306
15158,new_individual
15159,SeaTurtleID2022_t297
15160,SeaTurtleID2022_t390
15161,SeaTurtleID2022_t048
15162,SeaTurtleID2022_t104
15163,SeaTurtleID2022_t139
15164,SeaTurtleID2022_t048
15165,SeaTurtleID2022_t470
15166,SalamanderID2025_609
15167,SeaTurtleID2022_t266
15168,SeaTurtleID2022_t283
15169,new_individual
15170,SalamanderID2025_229
15171,SeaTurtleID2022_t292
15172,SalamanderID2025_312
15173,new_individual
15174,new_individual
15175,SalamanderID2025_454
15176,new_individual
15177,SeaTurtleID2022_t139
15178,SeaTurtleID2022_t097
15179,LynxID2025_lynx_56
15180,new_individual
15181,LynxID2025_lynx_56
15182,SeaTurtleID2022_t297
15183,SeaTurtleID2022_t402
15184,SalamanderID2025_221
15185,SalamanderID2025_356
15186,new_individual
15187,LynxID2025_lynx_54
15188,SeaTurtleID2022_t033
15189,SalamanderID2025_337
15190,LynxID2025_lynx_92
15191,new_individual
15192,SeaTurtleID2022_t139
15193,new_individual
15194,SeaTurtleID2022_t470
15195,SeaTurtleID2022_t343
15196,SeaTurtleID2022_t160
15197,new_individual
15198,SeaTurtleID2022_t264
15199,SeaTurtleID2022_t374
15200,SeaTurtleID2022_t496
15201,SalamanderID2025_167
15202,SeaTurtleID2022_t235
15203,SalamanderID2025_74
15204,SalamanderID2025_197
15205,SalamanderID2025_12
15206,SeaTurtleID2022_t407
15207,SeaTurtleID2022_t035
15208,SeaTurtleID2022_t133
