,image_id,identity
0,3,LynxID2025_lynx_37
1,5,LynxID2025_lynx_16
2,12,LynxID2025_lynx_33
3,13,new_individual
4,18,LynxID2025_lynx_87
5,19,LynxID2025_lynx_06
6,27,LynxID2025_lynx_87
7,33,LynxID2025_lynx_87
8,36,new_individual
9,45,LynxID2025_lynx_49
10,46,new_individual
11,47,LynxID2025_lynx_45
12,48,LynxID2025_lynx_29
13,49,new_individual
14,55,LynxID2025_lynx_74
15,58,LynxID2025_lynx_87
16,61,LynxID2025_lynx_56
17,62,LynxID2025_lynx_79
18,63,new_individual
19,64,LynxID2025_lynx_41
20,65,LynxID2025_lynx_28
21,67,LynxID2025_lynx_32
22,68,new_individual
23,74,LynxID2025_lynx_27
24,81,new_individual
25,84,LynxID2025_lynx_54
26,85,new_individual
27,86,new_individual
28,89,new_individual
29,90,LynxID2025_lynx_29
30,94,LynxID2025_lynx_43
31,97,new_individual
32,98,LynxID2025_lynx_18
33,106,LynxID2025_lynx_37
34,113,new_individual
35,123,new_individual
36,124,LynxID2025_lynx_03
37,126,LynxID2025_lynx_43
38,131,new_individual
39,137,new_individual
40,139,new_individual
41,145,LynxID2025_lynx_93
42,150,LynxID2025_lynx_25
43,163,new_individual
44,166,LynxID2025_lynx_11
45,167,LynxID2025_lynx_09
46,168,LynxID2025_lynx_31
47,171,LynxID2025_lynx_75
48,173,LynxID2025_lynx_32
49,182,LynxID2025_lynx_32
50,183,new_individual
51,186,new_individual
52,188,LynxID2025_lynx_92
53,190,LynxID2025_lynx_62
54,192,new_individual
55,195,LynxID2025_lynx_29
56,202,new_individual
57,203,new_individual
58,205,LynxID2025_lynx_72
59,209,LynxID2025_lynx_28
60,210,LynxID2025_lynx_55
61,213,new_individual
62,216,new_individual
63,219,new_individual
64,221,new_individual
65,228,new_individual
66,231,new_individual
67,240,LynxID2025_lynx_05
68,242,LynxID2025_lynx_16
69,245,LynxID2025_lynx_62
70,264,LynxID2025_lynx_98
71,266,LynxID2025_lynx_74
72,273,new_individual
73,276,LynxID2025_lynx_73
74,280,LynxID2025_lynx_95
75,282,new_individual
76,286,new_individual
77,289,LynxID2025_lynx_41
78,293,LynxID2025_lynx_62
79,294,new_individual
80,296,LynxID2025_lynx_42
81,311,new_individual
82,312,LynxID2025_lynx_36
83,315,new_individual
84,338,LynxID2025_lynx_37
85,347,LynxID2025_lynx_28
86,357,LynxID2025_lynx_32
87,359,LynxID2025_lynx_40
88,361,LynxID2025_lynx_31
89,366,LynxID2025_lynx_87
90,368,LynxID2025_lynx_76
91,373,new_individual
92,375,new_individual
93,378,LynxID2025_lynx_43
94,380,LynxID2025_lynx_49
95,397,new_individual
96,411,LynxID2025_lynx_74
97,415,LynxID2025_lynx_86
98,422,LynxID2025_lynx_05
99,423,new_individual
100,424,new_individual
101,427,LynxID2025_lynx_32
102,429,LynxID2025_lynx_62
103,431,new_individual
104,432,LynxID2025_lynx_62
105,437,LynxID2025_lynx_94
106,439,LynxID2025_lynx_17
107,443,LynxID2025_lynx_25
108,454,new_individual
109,459,new_individual
110,465,new_individual
111,469,LynxID2025_lynx_32
112,470,LynxID2025_lynx_13
113,474,LynxID2025_lynx_43
114,475,new_individual
115,478,LynxID2025_lynx_32
116,479,LynxID2025_lynx_98
117,480,LynxID2025_lynx_46
118,481,LynxID2025_lynx_43
119,482,LynxID2025_lynx_58
120,491,new_individual
121,494,LynxID2025_lynx_32
122,500,LynxID2025_lynx_65
123,501,new_individual
124,507,new_individual
125,509,new_individual
126,512,new_individual
127,515,LynxID2025_lynx_74
128,516,LynxID2025_lynx_45
129,519,LynxID2025_lynx_45
130,520,LynxID2025_lynx_49
131,522,LynxID2025_lynx_28
132,524,LynxID2025_lynx_93
133,526,LynxID2025_lynx_35
134,530,new_individual
135,537,LynxID2025_lynx_05
136,544,LynxID2025_lynx_49
137,547,LynxID2025_lynx_32
138,549,LynxID2025_lynx_97
139,551,LynxID2025_lynx_87
140,552,LynxID2025_lynx_54
141,555,new_individual
142,559,LynxID2025_lynx_49
143,562,new_individual
144,565,new_individual
145,567,new_individual
146,569,new_individual
147,570,LynxID2025_lynx_35
148,573,LynxID2025_lynx_65
149,577,new_individual
150,578,LynxID2025_lynx_97
151,579,LynxID2025_lynx_74
152,580,new_individual
153,583,LynxID2025_lynx_35
154,584,new_individual
155,588,LynxID2025_lynx_32
156,589,LynxID2025_lynx_05
157,591,LynxID2025_lynx_05
158,592,LynxID2025_lynx_87
159,594,LynxID2025_lynx_60
160,595,LynxID2025_lynx_32
161,599,LynxID2025_lynx_32
162,602,LynxID2025_lynx_75
163,603,LynxID2025_lynx_29
164,611,LynxID2025_lynx_31
165,620,LynxID2025_lynx_61
166,625,new_individual
167,626,LynxID2025_lynx_87
168,628,LynxID2025_lynx_32
169,630,new_individual
170,636,LynxID2025_lynx_49
171,643,LynxID2025_lynx_17
172,645,LynxID2025_lynx_76
173,648,new_individual
174,649,new_individual
175,651,LynxID2025_lynx_31
176,655,LynxID2025_lynx_03
177,656,LynxID2025_lynx_32
178,662,new_individual
179,669,LynxID2025_lynx_62
180,670,new_individual
181,672,LynxID2025_lynx_88
182,673,LynxID2025_lynx_50
183,676,new_individual
184,678,LynxID2025_lynx_76
185,683,LynxID2025_lynx_62
186,685,new_individual
187,690,LynxID2025_lynx_49
188,694,LynxID2025_lynx_42
189,699,LynxID2025_lynx_62
190,704,LynxID2025_lynx_76
191,707,LynxID2025_lynx_28
192,711,LynxID2025_lynx_87
193,712,LynxID2025_lynx_40
194,713,new_individual
195,715,LynxID2025_lynx_32
196,719,LynxID2025_lynx_62
197,722,LynxID2025_lynx_25
198,724,LynxID2025_lynx_11
199,726,LynxID2025_lynx_50
200,730,LynxID2025_lynx_50
201,734,LynxID2025_lynx_54
202,735,LynxID2025_lynx_91
203,738,new_individual
204,739,LynxID2025_lynx_16
205,741,LynxID2025_lynx_49
206,749,new_individual
207,750,LynxID2025_lynx_86
208,751,LynxID2025_lynx_54
209,753,LynxID2025_lynx_32
210,760,LynxID2025_lynx_87
211,761,new_individual
212,764,LynxID2025_lynx_61
213,766,new_individual
214,770,LynxID2025_lynx_98
215,776,new_individual
216,781,new_individual
217,782,new_individual
218,784,LynxID2025_lynx_32
219,786,LynxID2025_lynx_62
220,787,LynxID2025_lynx_32
221,790,new_individual
222,791,new_individual
223,793,LynxID2025_lynx_86
224,794,new_individual
225,795,new_individual
226,797,new_individual
227,798,new_individual
228,800,LynxID2025_lynx_25
229,804,new_individual
230,808,new_individual
231,817,LynxID2025_lynx_35
232,819,new_individual
233,824,new_individual
234,840,LynxID2025_lynx_32
235,849,new_individual
236,855,LynxID2025_lynx_63
237,859,LynxID2025_lynx_41
238,865,LynxID2025_lynx_40
239,871,new_individual
240,872,new_individual
241,874,LynxID2025_lynx_62
242,881,LynxID2025_lynx_49
243,886,new_individual
244,887,LynxID2025_lynx_62
245,893,LynxID2025_lynx_01
246,897,new_individual
247,904,new_individual
248,907,LynxID2025_lynx_25
249,915,LynxID2025_lynx_32
250,917,LynxID2025_lynx_49
251,920,LynxID2025_lynx_37
252,939,new_individual
253,941,new_individual
254,945,LynxID2025_lynx_62
255,951,new_individual
256,962,new_individual
257,963,new_individual
258,964,LynxID2025_lynx_49
259,969,new_individual
260,980,new_individual
261,983,LynxID2025_lynx_63
262,985,LynxID2025_lynx_32
263,990,new_individual
264,991,LynxID2025_lynx_58
265,992,LynxID2025_lynx_18
266,994,LynxID2025_lynx_45
267,995,LynxID2025_lynx_28
268,1000,LynxID2025_lynx_33
269,1001,LynxID2025_lynx_43
270,1005,LynxID2025_lynx_32
271,1006,LynxID2025_lynx_11
272,1008,LynxID2025_lynx_43
273,1011,LynxID2025_lynx_49
274,1012,LynxID2025_lynx_74
275,1013,new_individual
276,1019,LynxID2025_lynx_86
277,1021,new_individual
278,1031,LynxID2025_lynx_40
279,1034,new_individual
280,1039,new_individual
281,1042,new_individual
282,1045,LynxID2025_lynx_60
283,1046,LynxID2025_lynx_32
284,1047,LynxID2025_lynx_32
285,1048,new_individual
286,1053,LynxID2025_lynx_65
287,1055,LynxID2025_lynx_62
288,1057,new_individual
289,1060,new_individual
290,1064,new_individual
291,1065,LynxID2025_lynx_31
292,1068,LynxID2025_lynx_25
293,1069,LynxID2025_lynx_62
294,1071,LynxID2025_lynx_64
295,1075,LynxID2025_lynx_16
296,1089,LynxID2025_lynx_41
297,1090,LynxID2025_lynx_16
298,1094,LynxID2025_lynx_52
299,1095,LynxID2025_lynx_32
300,1096,new_individual
301,1107,new_individual
302,1108,LynxID2025_lynx_32
303,1111,LynxID2025_lynx_35
304,1115,new_individual
305,1119,LynxID2025_lynx_49
306,1120,LynxID2025_lynx_45
307,1122,LynxID2025_lynx_62
308,1131,new_individual
309,1135,LynxID2025_lynx_34
310,1137,LynxID2025_lynx_45
311,1139,LynxID2025_lynx_25
312,1143,LynxID2025_lynx_74
313,1147,LynxID2025_lynx_95
314,1153,new_individual
315,1154,new_individual
316,1162,LynxID2025_lynx_46
317,1163,new_individual
318,1164,LynxID2025_lynx_31
319,1175,LynxID2025_lynx_54
320,1182,LynxID2025_lynx_32
321,1191,LynxID2025_lynx_38
322,1192,LynxID2025_lynx_32
323,1197,LynxID2025_lynx_25
324,1198,LynxID2025_lynx_07
325,1203,LynxID2025_lynx_77
326,1205,new_individual
327,1207,new_individual
328,1209,LynxID2025_lynx_54
329,1211,new_individual
330,1213,LynxID2025_lynx_74
331,1214,LynxID2025_lynx_46
332,1221,LynxID2025_lynx_29
333,1223,LynxID2025_lynx_57
334,1225,LynxID2025_lynx_32
335,1232,LynxID2025_lynx_62
336,1233,LynxID2025_lynx_31
337,1234,new_individual
338,1235,LynxID2025_lynx_97
339,1237,new_individual
340,1245,new_individual
341,1247,LynxID2025_lynx_61
342,1248,LynxID2025_lynx_61
343,1249,LynxID2025_lynx_86
344,1255,new_individual
345,1259,LynxID2025_lynx_49
346,1264,LynxID2025_lynx_34
347,1266,LynxID2025_lynx_49
348,1267,new_individual
349,1270,LynxID2025_lynx_61
350,1271,LynxID2025_lynx_25
351,1277,new_individual
352,1278,new_individual
353,1280,LynxID2025_lynx_45
354,1288,LynxID2025_lynx_31
355,1297,LynxID2025_lynx_60
356,1309,LynxID2025_lynx_74
357,1311,LynxID2025_lynx_46
358,1313,LynxID2025_lynx_17
359,1318,LynxID2025_lynx_43
360,1322,LynxID2025_lynx_54
361,1325,LynxID2025_lynx_94
362,1330,new_individual
363,1335,LynxID2025_lynx_54
364,1343,LynxID2025_lynx_05
365,1345,LynxID2025_lynx_41
366,1349,LynxID2025_lynx_86
367,1351,LynxID2025_lynx_40
368,1353,LynxID2025_lynx_50
369,1363,LynxID2025_lynx_45
370,1367,LynxID2025_lynx_86
371,1368,LynxID2025_lynx_28
372,1370,LynxID2025_lynx_49
373,1371,LynxID2025_lynx_50
374,1375,new_individual
375,1385,LynxID2025_lynx_07
376,1388,new_individual
377,1392,LynxID2025_lynx_49
378,1394,LynxID2025_lynx_05
379,1399,LynxID2025_lynx_49
380,1403,LynxID2025_lynx_56
381,1406,LynxID2025_lynx_60
382,1410,LynxID2025_lynx_40
383,1413,LynxID2025_lynx_11
384,1416,new_individual
385,1421,LynxID2025_lynx_45
386,1425,LynxID2025_lynx_49
387,1427,new_individual
388,1428,LynxID2025_lynx_64
389,1431,LynxID2025_lynx_50
390,1432,LynxID2025_lynx_98
391,1433,LynxID2025_lynx_25
392,1439,new_individual
393,1441,LynxID2025_lynx_43
394,1444,LynxID2025_lynx_62
395,1447,LynxID2025_lynx_74
396,1453,new_individual
397,1454,LynxID2025_lynx_62
398,1455,new_individual
399,1457,LynxID2025_lynx_95
400,1465,LynxID2025_lynx_49
401,1466,new_individual
402,1474,LynxID2025_lynx_29
403,1475,LynxID2025_lynx_45
404,1491,LynxID2025_lynx_49
405,1492,LynxID2025_lynx_58
406,1493,new_individual
407,1494,new_individual
408,1504,LynxID2025_lynx_18
409,1509,new_individual
410,1513,LynxID2025_lynx_45
411,1525,LynxID2025_lynx_32
412,1526,LynxID2025_lynx_92
413,1527,LynxID2025_lynx_87
414,1538,new_individual
415,1539,LynxID2025_lynx_41
416,1541,new_individual
417,1545,new_individual
418,1546,LynxID2025_lynx_49
419,1547,LynxID2025_lynx_03
420,1550,LynxID2025_lynx_54
421,1557,LynxID2025_lynx_73
422,1559,LynxID2025_lynx_03
423,1566,LynxID2025_lynx_11
424,1573,new_individual
425,1574,LynxID2025_lynx_32
426,1575,new_individual
427,1578,LynxID2025_lynx_09
428,1580,LynxID2025_lynx_49
429,1583,LynxID2025_lynx_11
430,1585,LynxID2025_lynx_28
431,1586,LynxID2025_lynx_93
432,1588,LynxID2025_lynx_34
433,1592,new_individual
434,1594,LynxID2025_lynx_43
435,1596,LynxID2025_lynx_97
436,1600,LynxID2025_lynx_62
437,1607,LynxID2025_lynx_43
438,1610,LynxID2025_lynx_31
439,1612,new_individual
440,1615,LynxID2025_lynx_62
441,1616,new_individual
442,1619,LynxID2025_lynx_93
443,1621,LynxID2025_lynx_58
444,1625,new_individual
445,1628,LynxID2025_lynx_50
446,1631,new_individual
447,1632,LynxID2025_lynx_91
448,1641,LynxID2025_lynx_31
449,1643,LynxID2025_lynx_43
450,1651,LynxID2025_lynx_43
451,1652,new_individual
452,1659,LynxID2025_lynx_86
453,1660,new_individual
454,1666,new_individual
455,1673,LynxID2025_lynx_40
456,1674,new_individual
457,1681,LynxID2025_lynx_84
458,1684,new_individual
459,1688,LynxID2025_lynx_87
460,1689,new_individual
461,1694,LynxID2025_lynx_11
462,1701,LynxID2025_lynx_43
463,1704,new_individual
464,1714,LynxID2025_lynx_60
465,1725,LynxID2025_lynx_57
466,1726,LynxID2025_lynx_50
467,1728,LynxID2025_lynx_54
468,1735,new_individual
469,1743,LynxID2025_lynx_74
470,1744,new_individual
471,1749,new_individual
472,1759,LynxID2025_lynx_31
473,1774,new_individual
474,1776,new_individual
475,1777,LynxID2025_lynx_41
476,1790,new_individual
477,1795,new_individual
478,1804,LynxID2025_lynx_32
479,1806,LynxID2025_lynx_46
480,1812,new_individual
481,1818,new_individual
482,1820,new_individual
483,1823,LynxID2025_lynx_25
484,1829,new_individual
485,1834,new_individual
486,1835,new_individual
487,1836,new_individual
488,1840,LynxID2025_lynx_49
489,1843,LynxID2025_lynx_16
490,1854,LynxID2025_lynx_63
491,1861,LynxID2025_lynx_31
492,1867,LynxID2025_lynx_32
493,1869,LynxID2025_lynx_74
494,1870,LynxID2025_lynx_49
495,1871,LynxID2025_lynx_54
496,1873,LynxID2025_lynx_54
497,1874,LynxID2025_lynx_31
498,1878,new_individual
499,1892,new_individual
500,1894,LynxID2025_lynx_91
501,1897,LynxID2025_lynx_85
502,1899,LynxID2025_lynx_43
503,1901,LynxID2025_lynx_62
504,1903,new_individual
505,1913,new_individual
506,1917,LynxID2025_lynx_43
507,1921,new_individual
508,1923,new_individual
509,1925,LynxID2025_lynx_87
510,1930,new_individual
511,1935,LynxID2025_lynx_16
512,1936,new_individual
513,1937,LynxID2025_lynx_49
514,1939,LynxID2025_lynx_49
515,1941,LynxID2025_lynx_32
516,1943,new_individual
517,1945,LynxID2025_lynx_48
518,1951,LynxID2025_lynx_31
519,1955,LynxID2025_lynx_63
520,1957,LynxID2025_lynx_95
521,1961,new_individual
522,1965,LynxID2025_lynx_05
523,1969,LynxID2025_lynx_49
524,1971,LynxID2025_lynx_46
525,1975,LynxID2025_lynx_76
526,1981,new_individual
527,1985,LynxID2025_lynx_40
528,1991,new_individual
529,2005,new_individual
530,2007,LynxID2025_lynx_16
531,2008,new_individual
532,2014,LynxID2025_lynx_49
533,2029,new_individual
534,2030,new_individual
535,2035,LynxID2025_lynx_32
536,2037,new_individual
537,2038,LynxID2025_lynx_40
538,2040,new_individual
539,2044,LynxID2025_lynx_64
540,2049,new_individual
541,2057,new_individual
542,2058,new_individual
543,2078,new_individual
544,2079,LynxID2025_lynx_49
545,2081,new_individual
546,2082,LynxID2025_lynx_05
547,2086,LynxID2025_lynx_49
548,2090,LynxID2025_lynx_86
549,2091,LynxID2025_lynx_95
550,2105,LynxID2025_lynx_34
551,2106,new_individual
552,2107,LynxID2025_lynx_31
553,2110,LynxID2025_lynx_73
554,2117,LynxID2025_lynx_74
555,2118,LynxID2025_lynx_32
556,2119,new_individual
557,2124,LynxID2025_lynx_32
558,2127,new_individual
559,2129,LynxID2025_lynx_43
560,2136,LynxID2025_lynx_97
561,2137,new_individual
562,2144,LynxID2025_lynx_46
563,2146,LynxID2025_lynx_95
564,2151,LynxID2025_lynx_35
565,2161,LynxID2025_lynx_31
566,2164,LynxID2025_lynx_86
567,2166,LynxID2025_lynx_03
568,2169,LynxID2025_lynx_62
569,2170,LynxID2025_lynx_60
570,2174,LynxID2025_lynx_62
571,2178,new_individual
572,2184,new_individual
573,2190,LynxID2025_lynx_48
574,2196,new_individual
575,2198,LynxID2025_lynx_38
576,2200,new_individual
577,2205,LynxID2025_lynx_43
578,2207,LynxID2025_lynx_32
579,2208,LynxID2025_lynx_62
580,2219,LynxID2025_lynx_32
581,2220,LynxID2025_lynx_50
582,2222,LynxID2025_lynx_38
583,2226,LynxID2025_lynx_49
584,2228,LynxID2025_lynx_32
585,2231,LynxID2025_lynx_06
586,2232,LynxID2025_lynx_45
587,2235,LynxID2025_lynx_64
588,2246,LynxID2025_lynx_86
589,2248,new_individual
590,2257,LynxID2025_lynx_29
591,2265,LynxID2025_lynx_29
592,2268,LynxID2025_lynx_31
593,2272,LynxID2025_lynx_32
594,2283,LynxID2025_lynx_36
595,2290,LynxID2025_lynx_49
596,2292,LynxID2025_lynx_49
597,2293,LynxID2025_lynx_87
598,2294,LynxID2025_lynx_31
599,2301,new_individual
600,2303,LynxID2025_lynx_75
601,2307,LynxID2025_lynx_46
602,2313,LynxID2025_lynx_49
603,2320,new_individual
604,2322,new_individual
605,2324,LynxID2025_lynx_49
606,2326,LynxID2025_lynx_45
607,2330,LynxID2025_lynx_75
608,2336,LynxID2025_lynx_40
609,2338,LynxID2025_lynx_17
610,2343,LynxID2025_lynx_86
611,2369,LynxID2025_lynx_56
612,2375,LynxID2025_lynx_45
613,2379,LynxID2025_lynx_64
614,2385,LynxID2025_lynx_63
615,2388,LynxID2025_lynx_86
616,2389,LynxID2025_lynx_86
617,2390,new_individual
618,2399,LynxID2025_lynx_87
619,2403,LynxID2025_lynx_38
620,2404,LynxID2025_lynx_62
621,2406,LynxID2025_lynx_49
622,2408,LynxID2025_lynx_76
623,2409,new_individual
624,2411,new_individual
625,2426,new_individual
626,2435,LynxID2025_lynx_75
627,2437,LynxID2025_lynx_64
628,2441,new_individual
629,2469,LynxID2025_lynx_32
630,2472,new_individual
631,2473,LynxID2025_lynx_31
632,2477,new_individual
633,2478,new_individual
634,2487,new_individual
635,2491,LynxID2025_lynx_63
636,2495,LynxID2025_lynx_31
637,2496,LynxID2025_lynx_49
638,2501,LynxID2025_lynx_62
639,2511,LynxID2025_lynx_74
640,2512,LynxID2025_lynx_37
641,2518,LynxID2025_lynx_60
642,2525,new_individual
643,2527,new_individual
644,2529,LynxID2025_lynx_91
645,2530,LynxID2025_lynx_32
646,2534,new_individual
647,2544,LynxID2025_lynx_60
648,2545,LynxID2025_lynx_92
649,2546,LynxID2025_lynx_41
650,2549,new_individual
651,2552,new_individual
652,2554,LynxID2025_lynx_62
653,2555,LynxID2025_lynx_45
654,2562,LynxID2025_lynx_95
655,2564,new_individual
656,2580,LynxID2025_lynx_72
657,2591,LynxID2025_lynx_62
658,2592,LynxID2025_lynx_43
659,2601,LynxID2025_lynx_43
660,2606,new_individual
661,2613,LynxID2025_lynx_86
662,2625,new_individual
663,2626,LynxID2025_lynx_62
664,2631,LynxID2025_lynx_46
665,2638,LynxID2025_lynx_40
666,2643,new_individual
667,2644,LynxID2025_lynx_32
668,2648,LynxID2025_lynx_28
669,2654,LynxID2025_lynx_79
670,2655,new_individual
671,2657,LynxID2025_lynx_57
672,2687,new_individual
673,2689,new_individual
674,2705,new_individual
675,2706,LynxID2025_lynx_54
676,2709,LynxID2025_lynx_50
677,2713,LynxID2025_lynx_39
678,2718,LynxID2025_lynx_43
679,2721,new_individual
680,2724,LynxID2025_lynx_43
681,2725,LynxID2025_lynx_50
682,2726,new_individual
683,2731,new_individual
684,2733,LynxID2025_lynx_25
685,2734,LynxID2025_lynx_62
686,2744,new_individual
687,2754,new_individual
688,2758,LynxID2025_lynx_41
689,2759,new_individual
690,2760,LynxID2025_lynx_87
691,2770,new_individual
692,2787,LynxID2025_lynx_64
693,2789,LynxID2025_lynx_49
694,2790,LynxID2025_lynx_32
695,2794,LynxID2025_lynx_16
696,2797,LynxID2025_lynx_16
697,2801,LynxID2025_lynx_87
698,2803,new_individual
699,2807,new_individual
700,2811,new_individual
701,2812,LynxID2025_lynx_33
702,2823,LynxID2025_lynx_37
703,2829,LynxID2025_lynx_32
704,2831,LynxID2025_lynx_32
705,2834,LynxID2025_lynx_32
706,2840,LynxID2025_lynx_49
707,2841,LynxID2025_lynx_17
708,2844,LynxID2025_lynx_95
709,2845,LynxID2025_lynx_35
710,2846,LynxID2025_lynx_76
711,2847,new_individual
712,2848,LynxID2025_lynx_40
713,2851,LynxID2025_lynx_34
714,2865,new_individual
715,2871,LynxID2025_lynx_73
716,2873,LynxID2025_lynx_88
717,2876,LynxID2025_lynx_74
718,2889,LynxID2025_lynx_38
719,2893,new_individual
720,2894,LynxID2025_lynx_75
721,2896,LynxID2025_lynx_28
722,2914,LynxID2025_lynx_17
723,2920,new_individual
724,2921,LynxID2025_lynx_36
725,2933,LynxID2025_lynx_74
726,2934,LynxID2025_lynx_62
727,2942,LynxID2025_lynx_52
728,2948,new_individual
729,2949,LynxID2025_lynx_41
730,2951,LynxID2025_lynx_07
731,2952,LynxID2025_lynx_74
732,2957,LynxID2025_lynx_11
733,2961,LynxID2025_lynx_11
734,2963,LynxID2025_lynx_92
735,2968,new_individual
736,2973,LynxID2025_lynx_75
737,2976,new_individual
738,2978,LynxID2025_lynx_17
739,2981,LynxID2025_lynx_87
740,2985,new_individual
741,2999,LynxID2025_lynx_86
742,3001,LynxID2025_lynx_46
743,3003,new_individual
744,3007,new_individual
745,3013,LynxID2025_lynx_95
746,3014,new_individual
747,3018,LynxID2025_lynx_05
748,3020,LynxID2025_lynx_75
749,3021,new_individual
750,3027,LynxID2025_lynx_95
751,3029,new_individual
752,3032,LynxID2025_lynx_05
753,3034,LynxID2025_lynx_27
754,3035,LynxID2025_lynx_32
755,3036,LynxID2025_lynx_05
756,3037,new_individual
757,3038,LynxID2025_lynx_62
758,3045,new_individual
759,3046,LynxID2025_lynx_38
760,3055,LynxID2025_lynx_32
761,3059,new_individual
762,3069,new_individual
763,3074,new_individual
764,3086,new_individual
765,3090,LynxID2025_lynx_74
766,3091,new_individual
767,3097,LynxID2025_lynx_56
768,3099,LynxID2025_lynx_49
769,3106,LynxID2025_lynx_41
770,3108,LynxID2025_lynx_32
771,3111,LynxID2025_lynx_86
772,3116,LynxID2025_lynx_32
773,3118,LynxID2025_lynx_28
774,3130,new_individual
775,3133,new_individual
776,3138,new_individual
777,3142,LynxID2025_lynx_62
778,3144,LynxID2025_lynx_50
779,3153,LynxID2025_lynx_34
780,3155,LynxID2025_lynx_49
781,3156,LynxID2025_lynx_43
782,3157,LynxID2025_lynx_43
783,3167,LynxID2025_lynx_43
784,3177,LynxID2025_lynx_32
785,3178,LynxID2025_lynx_32
786,3181,LynxID2025_lynx_85
787,3183,new_individual
788,3193,LynxID2025_lynx_31
789,3201,new_individual
790,3204,LynxID2025_lynx_16
791,3205,new_individual
792,3215,LynxID2025_lynx_49
793,3217,LynxID2025_lynx_17
794,3220,LynxID2025_lynx_32
795,3221,new_individual
796,3222,LynxID2025_lynx_60
797,3231,LynxID2025_lynx_05
798,3232,LynxID2025_lynx_31
799,3239,LynxID2025_lynx_62
800,3242,LynxID2025_lynx_25
801,3245,LynxID2025_lynx_62
802,3249,LynxID2025_lynx_16
803,3256,new_individual
804,3259,LynxID2025_lynx_43
805,3261,new_individual
806,3263,new_individual
807,3267,LynxID2025_lynx_28
808,3270,LynxID2025_lynx_29
809,3274,LynxID2025_lynx_74
810,3277,LynxID2025_lynx_16
811,3281,LynxID2025_lynx_49
812,3284,LynxID2025_lynx_64
813,3286,new_individual
814,3287,LynxID2025_lynx_49
815,3297,LynxID2025_lynx_29
816,3305,LynxID2025_lynx_05
817,3310,LynxID2025_lynx_05
818,3314,LynxID2025_lynx_95
819,3323,LynxID2025_lynx_17
820,3331,new_individual
821,3335,LynxID2025_lynx_31
822,3338,LynxID2025_lynx_85
823,3339,LynxID2025_lynx_31
824,3344,LynxID2025_lynx_62
825,3348,LynxID2025_lynx_49
826,3352,LynxID2025_lynx_92
827,3353,new_individual
828,3356,LynxID2025_lynx_03
829,3357,new_individual
830,3358,LynxID2025_lynx_49
831,3366,LynxID2025_lynx_49
832,3372,LynxID2025_lynx_29
833,3380,LynxID2025_lynx_11
834,3382,new_individual
835,3386,LynxID2025_lynx_13
836,3389,LynxID2025_lynx_46
837,3390,LynxID2025_lynx_50
838,3400,LynxID2025_lynx_45
839,3401,LynxID2025_lynx_31
840,3409,LynxID2025_lynx_95
841,3412,LynxID2025_lynx_25
842,3416,new_individual
843,3418,new_individual
844,3420,new_individual
845,3424,new_individual
846,3427,new_individual
847,3429,LynxID2025_lynx_37
848,3434,LynxID2025_lynx_95
849,3435,new_individual
850,3436,LynxID2025_lynx_11
851,3437,LynxID2025_lynx_97
852,3439,LynxID2025_lynx_84
853,3441,LynxID2025_lynx_97
854,3446,new_individual
855,3449,LynxID2025_lynx_25
856,3450,new_individual
857,3452,new_individual
858,3469,LynxID2025_lynx_05
859,3474,new_individual
860,3477,LynxID2025_lynx_88
861,3480,new_individual
862,3481,LynxID2025_lynx_86
863,3484,new_individual
864,3487,LynxID2025_lynx_56
865,3490,new_individual
866,3494,LynxID2025_lynx_45
867,3497,LynxID2025_lynx_62
868,3500,LynxID2025_lynx_62
869,3501,new_individual
870,3502,LynxID2025_lynx_74
871,3508,LynxID2025_lynx_36
872,3511,LynxID2025_lynx_32
873,3513,LynxID2025_lynx_28
874,3521,new_individual
875,3524,LynxID2025_lynx_05
876,3526,new_individual
877,3529,LynxID2025_lynx_87
878,3530,LynxID2025_lynx_95
879,3539,new_individual
880,3540,LynxID2025_lynx_62
881,3542,LynxID2025_lynx_49
882,3545,new_individual
883,3548,new_individual
884,3550,LynxID2025_lynx_60
885,3565,new_individual
886,3566,new_individual
887,3568,LynxID2025_lynx_54
888,3570,new_individual
889,3574,LynxID2025_lynx_61
890,3582,LynxID2025_lynx_40
891,3585,LynxID2025_lynx_25
892,3595,LynxID2025_lynx_00
893,3597,new_individual
894,3605,LynxID2025_lynx_43
895,3626,LynxID2025_lynx_62
896,3633,LynxID2025_lynx_74
897,3638,new_individual
898,3643,new_individual
899,3645,new_individual
900,3648,new_individual
901,3654,LynxID2025_lynx_34
902,3655,LynxID2025_lynx_62
903,3657,LynxID2025_lynx_60
904,3660,LynxID2025_lynx_05
905,3666,LynxID2025_lynx_87
906,3670,LynxID2025_lynx_62
907,3672,new_individual
908,3675,new_individual
909,3676,new_individual
910,3677,new_individual
911,3682,new_individual
912,3690,new_individual
913,3691,new_individual
914,3692,LynxID2025_lynx_03
915,3696,LynxID2025_lynx_06
916,3698,LynxID2025_lynx_60
917,3706,new_individual
918,3725,LynxID2025_lynx_76
919,3727,LynxID2025_lynx_35
920,3729,LynxID2025_lynx_49
921,3739,LynxID2025_lynx_45
922,3749,new_individual
923,3750,LynxID2025_lynx_03
924,3762,LynxID2025_lynx_16
925,3763,LynxID2025_lynx_41
926,3766,LynxID2025_lynx_93
927,3768,LynxID2025_lynx_75
928,3793,LynxID2025_lynx_05
929,3794,new_individual
930,3808,LynxID2025_lynx_54
931,3822,LynxID2025_lynx_49
932,3823,new_individual
933,3836,LynxID2025_lynx_31
934,3837,LynxID2025_lynx_42
935,3849,LynxID2025_lynx_54
936,3861,LynxID2025_lynx_34
937,3862,LynxID2025_lynx_86
938,3866,new_individual
939,3867,new_individual
940,3874,LynxID2025_lynx_31
941,3876,LynxID2025_lynx_62
942,3887,new_individual
943,3897,LynxID2025_lynx_62
944,3900,new_individual
945,3902,LynxID2025_lynx_62
946,5291,SalamanderID2025_66
947,5292,SalamanderID2025_98
948,5293,SalamanderID2025_303
949,5294,SalamanderID2025_63
950,5295,SalamanderID2025_89
951,5296,SalamanderID2025_11
952,5297,SalamanderID2025_371
953,5298,SalamanderID2025_23
954,5299,SalamanderID2025_408
955,5300,SalamanderID2025_410
956,5301,SalamanderID2025_198
957,5302,SalamanderID2025_3
958,5303,SalamanderID2025_4
959,5304,SalamanderID2025_7
960,5305,SalamanderID2025_6
961,5306,SalamanderID2025_7
962,5307,SalamanderID2025_234
963,5308,SalamanderID2025_445
964,5309,SalamanderID2025_457
965,5310,SalamanderID2025_27
966,5311,SalamanderID2025_5
967,5312,SalamanderID2025_84
968,5313,SalamanderID2025_5
969,5314,SalamanderID2025_60
970,5315,SalamanderID2025_237
971,5316,SalamanderID2025_10
972,5317,SalamanderID2025_11
973,5318,SalamanderID2025_488
974,5319,SalamanderID2025_13
975,5320,SalamanderID2025_90
976,5321,SalamanderID2025_499
977,5322,SalamanderID2025_322
978,5323,SalamanderID2025_11
979,5324,SalamanderID2025_19
980,5325,SalamanderID2025_97
981,5326,SalamanderID2025_189
982,5327,SalamanderID2025_22
983,5328,SalamanderID2025_23
984,5329,SalamanderID2025_24
985,5330,SalamanderID2025_519
986,5331,SalamanderID2025_149
987,5332,SalamanderID2025_27
988,5333,SalamanderID2025_40
989,5334,SalamanderID2025_29
990,5335,SalamanderID2025_31
991,5336,SalamanderID2025_403
992,5337,new_individual
993,5338,SalamanderID2025_45
994,5339,SalamanderID2025_422
995,5340,SalamanderID2025_36
996,5341,SalamanderID2025_80
997,5342,SalamanderID2025_89
998,5343,SalamanderID2025_36
999,5344,SalamanderID2025_148
1000,5345,SalamanderID2025_465
1001,5346,SalamanderID2025_60
1002,5347,SalamanderID2025_369
1003,5348,SalamanderID2025_307
1004,5349,SalamanderID2025_141
1005,5350,SalamanderID2025_79
1006,5351,SalamanderID2025_154
1007,5352,SalamanderID2025_369
1008,5353,SalamanderID2025_39
1009,5354,SalamanderID2025_40
1010,5355,SalamanderID2025_178
1011,5356,SalamanderID2025_36
1012,5357,SalamanderID2025_86
1013,5358,SalamanderID2025_196
1014,5359,SalamanderID2025_363
1015,5360,SalamanderID2025_93
1016,5361,SalamanderID2025_39
1017,5362,SalamanderID2025_267
1018,5363,SalamanderID2025_358
1019,5364,SalamanderID2025_5
1020,5365,SalamanderID2025_279
1021,5366,SalamanderID2025_189
1022,5367,SalamanderID2025_45
1023,5368,SalamanderID2025_279
1024,5369,SalamanderID2025_17
1025,5370,SalamanderID2025_48
1026,5371,SalamanderID2025_176
1027,5372,SalamanderID2025_489
1028,5373,SalamanderID2025_51
1029,5374,SalamanderID2025_36
1030,5375,SalamanderID2025_145
1031,5376,SalamanderID2025_186
1032,5377,SalamanderID2025_192
1033,5378,SalamanderID2025_162
1034,5379,SalamanderID2025_68
1035,5380,SalamanderID2025_317
1036,5381,SalamanderID2025_322
1037,5382,SalamanderID2025_294
1038,5383,SalamanderID2025_80
1039,5384,SalamanderID2025_75
1040,5385,SalamanderID2025_529
1041,5386,SalamanderID2025_68
1042,5387,SalamanderID2025_56
1043,5388,SalamanderID2025_57
1044,5389,SalamanderID2025_58
1045,5390,SalamanderID2025_50
1046,5391,SalamanderID2025_60
1047,5392,SalamanderID2025_547
1048,5393,SalamanderID2025_49
1049,5394,SalamanderID2025_485
1050,5395,SalamanderID2025_451
1051,5396,SalamanderID2025_76
1052,5397,SalamanderID2025_56
1053,5398,SalamanderID2025_489
1054,5399,SalamanderID2025_414
1055,5400,SalamanderID2025_64
1056,5401,SalamanderID2025_124
1057,5402,SalamanderID2025_67
1058,5403,SalamanderID2025_192
1059,5404,SalamanderID2025_69
1060,5405,new_individual
1061,5406,SalamanderID2025_333
1062,5407,SalamanderID2025_204
1063,5408,SalamanderID2025_300
1064,5409,SalamanderID2025_80
1065,5410,SalamanderID2025_300
1066,5411,SalamanderID2025_604
1067,5412,SalamanderID2025_565
1068,5413,SalamanderID2025_62
1069,5414,SalamanderID2025_148
1070,5415,SalamanderID2025_205
1071,5416,SalamanderID2025_80
1072,5417,SalamanderID2025_194
1073,5418,SalamanderID2025_90
1074,5419,SalamanderID2025_81
1075,5420,SalamanderID2025_323
1076,5421,SalamanderID2025_605
1077,5422,SalamanderID2025_80
1078,5423,SalamanderID2025_83
1079,5424,SalamanderID2025_84
1080,5425,SalamanderID2025_85
1081,5426,SalamanderID2025_161
1082,5427,SalamanderID2025_213
1083,5428,SalamanderID2025_365
1084,5429,SalamanderID2025_91
1085,5430,SalamanderID2025_459
1086,5431,SalamanderID2025_91
1087,5432,SalamanderID2025_92
1088,5433,SalamanderID2025_180
1089,5434,SalamanderID2025_94
1090,5435,SalamanderID2025_95
1091,5436,SalamanderID2025_173
1092,5437,SalamanderID2025_97
1093,5438,SalamanderID2025_98
1094,5439,SalamanderID2025_213
1095,5440,SalamanderID2025_100
1096,5441,SalamanderID2025_238
1097,5442,SalamanderID2025_58
1098,5443,SalamanderID2025_103
1099,5444,SalamanderID2025_530
1100,5445,SalamanderID2025_104
1101,5446,SalamanderID2025_106
1102,5447,SalamanderID2025_107
1103,5448,SalamanderID2025_25
1104,5449,SalamanderID2025_111
1105,5450,SalamanderID2025_110
1106,5451,SalamanderID2025_370
1107,5452,SalamanderID2025_112
1108,5453,SalamanderID2025_327
1109,5454,SalamanderID2025_174
1110,5455,SalamanderID2025_297
1111,5456,SalamanderID2025_161
1112,5457,SalamanderID2025_71
1113,5458,SalamanderID2025_120
1114,5459,SalamanderID2025_639
1115,5460,SalamanderID2025_329
1116,5461,SalamanderID2025_381
1117,5462,SalamanderID2025_115
1118,5463,SalamanderID2025_148
1119,5464,SalamanderID2025_117
1120,5465,SalamanderID2025_118
1121,5466,SalamanderID2025_119
1122,5467,SalamanderID2025_149
1123,5468,SalamanderID2025_86
1124,5469,SalamanderID2025_579
1125,5470,SalamanderID2025_161
1126,5471,SalamanderID2025_125
1127,5472,SalamanderID2025_187
1128,5473,SalamanderID2025_127
1129,5474,SalamanderID2025_50
1130,5475,SalamanderID2025_298
1131,5476,SalamanderID2025_130
1132,5477,SalamanderID2025_524
1133,5478,SalamanderID2025_132
1134,5479,SalamanderID2025_89
1135,5480,SalamanderID2025_180
1136,5481,SalamanderID2025_155
1137,5482,SalamanderID2025_118
1138,5483,SalamanderID2025_118
1139,5484,SalamanderID2025_246
1140,5485,SalamanderID2025_138
1141,5486,SalamanderID2025_115
1142,5487,SalamanderID2025_280
1143,5488,SalamanderID2025_86
1144,5489,SalamanderID2025_142
1145,5490,SalamanderID2025_171
1146,5491,SalamanderID2025_205
1147,5492,SalamanderID2025_640
1148,5493,SalamanderID2025_298
1149,5494,SalamanderID2025_147
1150,5495,SalamanderID2025_148
1151,5496,SalamanderID2025_89
1152,5497,SalamanderID2025_150
1153,5498,SalamanderID2025_188
1154,5499,SalamanderID2025_467
1155,5500,SalamanderID2025_161
1156,5501,SalamanderID2025_154
1157,5502,SalamanderID2025_565
1158,5503,SalamanderID2025_156
1159,5504,SalamanderID2025_139
1160,5505,SalamanderID2025_158
1161,5506,SalamanderID2025_159
1162,5507,SalamanderID2025_99
1163,5508,SalamanderID2025_200
1164,5509,SalamanderID2025_162
1165,5510,SalamanderID2025_164
1166,5511,SalamanderID2025_339
1167,5512,SalamanderID2025_396
1168,5513,SalamanderID2025_279
1169,5514,SalamanderID2025_93
1170,5515,SalamanderID2025_131
1171,5516,SalamanderID2025_187
1172,5517,SalamanderID2025_192
1173,5518,SalamanderID2025_425
1174,5519,SalamanderID2025_604
1175,5520,SalamanderID2025_425
1176,5521,SalamanderID2025_192
1177,5522,new_individual
1178,5523,SalamanderID2025_189
1179,5524,SalamanderID2025_145
1180,5525,SalamanderID2025_39
1181,5526,SalamanderID2025_359
1182,5527,SalamanderID2025_101
1183,5528,SalamanderID2025_403
1184,5529,SalamanderID2025_114
1185,5530,SalamanderID2025_179
1186,5531,SalamanderID2025_544
1187,5532,SalamanderID2025_161
1188,5533,SalamanderID2025_307
1189,5534,SalamanderID2025_209
1190,5535,SalamanderID2025_98
1191,5536,SalamanderID2025_160
1192,5537,SalamanderID2025_49
1193,5538,SalamanderID2025_432
1194,5539,SalamanderID2025_219
1195,5540,SalamanderID2025_410
1196,5541,SalamanderID2025_235
1197,5542,SalamanderID2025_66
1198,5543,SalamanderID2025_186
1199,5544,SalamanderID2025_91
1200,5545,SalamanderID2025_179
1201,5546,SalamanderID2025_189
1202,5547,SalamanderID2025_88
1203,5548,SalamanderID2025_217
1204,5549,SalamanderID2025_98
1205,5550,SalamanderID2025_147
1206,5551,SalamanderID2025_38
1207,5552,SalamanderID2025_432
1208,5553,SalamanderID2025_109
1209,5554,SalamanderID2025_80
1210,5555,SalamanderID2025_106
1211,5556,SalamanderID2025_219
1212,5557,SalamanderID2025_244
1213,5558,SalamanderID2025_516
1214,5559,SalamanderID2025_640
1215,5560,SalamanderID2025_301
1216,5561,SalamanderID2025_196
1217,5562,SalamanderID2025_601
1218,5563,SalamanderID2025_258
1219,5564,SalamanderID2025_483
1220,5565,SalamanderID2025_654
1221,5566,SalamanderID2025_634
1222,5567,SalamanderID2025_654
1223,5568,SalamanderID2025_233
1224,5569,SalamanderID2025_233
1225,5570,SalamanderID2025_233
1226,5571,SalamanderID2025_209
1227,5572,SalamanderID2025_210
1228,5573,SalamanderID2025_129
1229,5574,SalamanderID2025_212
1230,5575,SalamanderID2025_213
1231,5576,SalamanderID2025_29
1232,5577,SalamanderID2025_215
1233,5578,SalamanderID2025_218
1234,5579,SalamanderID2025_287
1235,5580,SalamanderID2025_444
1236,5581,SalamanderID2025_268
1237,5582,SalamanderID2025_93
1238,5583,SalamanderID2025_221
1239,5584,SalamanderID2025_222
1240,5585,SalamanderID2025_223
1241,5586,SalamanderID2025_224
1242,5587,SalamanderID2025_189
1243,5588,SalamanderID2025_227
1244,5589,SalamanderID2025_228
1245,5590,SalamanderID2025_229
1246,5591,SalamanderID2025_52
1247,5592,SalamanderID2025_231
1248,5593,SalamanderID2025_232
1249,5594,SalamanderID2025_233
1250,5595,SalamanderID2025_256
1251,5596,SalamanderID2025_33
1252,5597,SalamanderID2025_237
1253,5598,SalamanderID2025_304
1254,5599,SalamanderID2025_179
1255,5600,SalamanderID2025_240
1256,5601,SalamanderID2025_546
1257,5602,SalamanderID2025_546
1258,5603,SalamanderID2025_173
1259,5604,SalamanderID2025_450
1260,5605,SalamanderID2025_36
1261,5606,SalamanderID2025_89
1262,5607,SalamanderID2025_174
1263,5608,SalamanderID2025_243
1264,5609,SalamanderID2025_58
1265,5610,SalamanderID2025_298
1266,5611,SalamanderID2025_640
1267,5612,SalamanderID2025_567
1268,5613,SalamanderID2025_361
1269,5614,SalamanderID2025_574
1270,5615,SalamanderID2025_392
1271,5616,SalamanderID2025_79
1272,5617,SalamanderID2025_46
1273,5618,SalamanderID2025_392
1274,5619,SalamanderID2025_250
1275,5620,SalamanderID2025_28
1276,5621,SalamanderID2025_252
1277,5622,SalamanderID2025_307
1278,5623,SalamanderID2025_254
1279,5624,SalamanderID2025_108
1280,5625,SalamanderID2025_178
1281,5626,SalamanderID2025_494
1282,5627,SalamanderID2025_436
1283,5628,SalamanderID2025_260
1284,5629,SalamanderID2025_88
1285,5630,SalamanderID2025_85
1286,5631,SalamanderID2025_50
1287,5632,SalamanderID2025_266
1288,5633,SalamanderID2025_93
1289,5634,SalamanderID2025_202
1290,5635,SalamanderID2025_51
1291,5636,SalamanderID2025_276
1292,5637,SalamanderID2025_279
1293,5638,SalamanderID2025_180
1294,5639,SalamanderID2025_601
1295,5640,SalamanderID2025_93
1296,5641,SalamanderID2025_125
1297,5642,SalamanderID2025_79
1298,5643,SalamanderID2025_465
1299,5644,SalamanderID2025_252
1300,5645,SalamanderID2025_281
1301,5646,SalamanderID2025_180
1302,5647,SalamanderID2025_76
1303,5648,SalamanderID2025_120
1304,5649,SalamanderID2025_210
1305,5650,SalamanderID2025_294
1306,5651,SalamanderID2025_432
1307,5652,SalamanderID2025_86
1308,5653,SalamanderID2025_289
1309,5654,SalamanderID2025_50
1310,5655,SalamanderID2025_608
1311,5656,SalamanderID2025_112
1312,5657,SalamanderID2025_513
1313,5658,SalamanderID2025_646
1314,5659,SalamanderID2025_93
1315,5660,SalamanderID2025_46
1316,5661,SalamanderID2025_535
1317,5662,SalamanderID2025_327
1318,5663,SalamanderID2025_186
1319,5664,SalamanderID2025_355
1320,5665,SalamanderID2025_180
1321,5666,SalamanderID2025_361
1322,5667,SalamanderID2025_378
1323,5668,SalamanderID2025_403
1324,5669,SalamanderID2025_304
1325,5670,SalamanderID2025_432
1326,5671,SalamanderID2025_258
1327,5672,SalamanderID2025_79
1328,5673,SalamanderID2025_330
1329,5674,SalamanderID2025_436
1330,5675,SalamanderID2025_485
1331,5676,SalamanderID2025_317
1332,5677,SalamanderID2025_187
1333,5678,SalamanderID2025_194
1334,5679,SalamanderID2025_363
1335,5680,SalamanderID2025_396
1336,5681,SalamanderID2025_544
1337,5682,SalamanderID2025_539
1338,5683,SalamanderID2025_429
1339,5684,SalamanderID2025_76
1340,5685,SalamanderID2025_410
1341,5686,SalamanderID2025_86
1342,5687,SalamanderID2025_635
1343,5688,SalamanderID2025_298
1344,5689,SalamanderID2025_93
1345,5690,SalamanderID2025_328
1346,5691,SalamanderID2025_31
1347,5692,SalamanderID2025_317
1348,5693,SalamanderID2025_344
1349,5694,SalamanderID2025_403
1350,5695,SalamanderID2025_305
1351,5696,SalamanderID2025_344
1352,5697,SalamanderID2025_345
1353,5698,SalamanderID2025_497
1354,5699,SalamanderID2025_243
1355,5700,SalamanderID2025_349
1356,5701,SalamanderID2025_350
1357,5702,SalamanderID2025_252
1358,5703,SalamanderID2025_487
1359,5704,SalamanderID2025_62
1360,5705,SalamanderID2025_46
1361,5706,SalamanderID2025_415
1362,5707,SalamanderID2025_202
1363,5708,SalamanderID2025_180
1364,5709,SalamanderID2025_369
1365,5710,SalamanderID2025_365
1366,5711,SalamanderID2025_539
1367,5712,SalamanderID2025_76
1368,5713,SalamanderID2025_527
1369,5714,SalamanderID2025_252
1370,5715,SalamanderID2025_46
1371,5716,SalamanderID2025_529
1372,5717,SalamanderID2025_409
1373,5718,SalamanderID2025_93
1374,5719,SalamanderID2025_369
1375,5720,SalamanderID2025_329
1376,5721,SalamanderID2025_435
1377,5722,SalamanderID2025_378
1378,5723,SalamanderID2025_489
1379,5724,SalamanderID2025_131
1380,5725,SalamanderID2025_265
1381,5726,SalamanderID2025_178
1382,5727,SalamanderID2025_86
1383,5728,SalamanderID2025_632
1384,5729,SalamanderID2025_391
1385,5730,SalamanderID2025_50
1386,5731,SalamanderID2025_487
1387,5732,SalamanderID2025_432
1388,5733,SalamanderID2025_307
1389,5734,SalamanderID2025_46
1390,5735,SalamanderID2025_254
1391,5736,SalamanderID2025_432
1392,5737,SalamanderID2025_372
1393,5738,SalamanderID2025_403
1394,5739,SalamanderID2025_272
1395,5740,SalamanderID2025_305
1396,5741,SalamanderID2025_541
1397,5742,SalamanderID2025_300
1398,5743,SalamanderID2025_489
1399,5744,SalamanderID2025_298
1400,5745,SalamanderID2025_205
1401,5746,SalamanderID2025_445
1402,5747,SalamanderID2025_101
1403,5748,SalamanderID2025_27
1404,5749,SalamanderID2025_86
1405,5750,SalamanderID2025_220
1406,5751,SalamanderID2025_195
1407,5752,SalamanderID2025_357
1408,5753,SalamanderID2025_180
1409,5754,SalamanderID2025_85
1410,5755,SalamanderID2025_379
1411,5756,SalamanderID2025_298
1412,5757,SalamanderID2025_487
1413,5758,SalamanderID2025_71
1414,5759,SalamanderID2025_544
1415,5760,SalamanderID2025_46
1416,5761,SalamanderID2025_381
1417,5762,SalamanderID2025_354
1418,5763,SalamanderID2025_339
1419,5764,SalamanderID2025_530
1420,5765,SalamanderID2025_338
1421,5766,SalamanderID2025_129
1422,5767,SalamanderID2025_606
1423,5768,SalamanderID2025_372
1424,5769,SalamanderID2025_93
1425,5770,SalamanderID2025_446
1426,5771,SalamanderID2025_81
1427,5772,SalamanderID2025_252
1428,5773,SalamanderID2025_361
1429,5774,SalamanderID2025_340
1430,5775,SalamanderID2025_487
1431,5776,SalamanderID2025_338
1432,5777,SalamanderID2025_121
1433,5778,SalamanderID2025_76
1434,5779,SalamanderID2025_25
1435,5780,SalamanderID2025_485
1436,5781,SalamanderID2025_452
1437,5782,SalamanderID2025_181
1438,5783,SalamanderID2025_123
1439,5784,SalamanderID2025_476
1440,5785,SalamanderID2025_377
1441,5786,SalamanderID2025_14
1442,5787,SalamanderID2025_46
1443,5788,SalamanderID2025_160
1444,5789,SalamanderID2025_415
1445,5790,SalamanderID2025_31
1446,5791,SalamanderID2025_459
1447,5792,SalamanderID2025_46
1448,5793,SalamanderID2025_465
1449,5794,SalamanderID2025_647
1450,5795,SalamanderID2025_134
1451,5796,SalamanderID2025_630
1452,5797,SalamanderID2025_529
1453,5798,SalamanderID2025_244
1454,5799,SalamanderID2025_361
1455,5800,SalamanderID2025_88
1456,5801,SalamanderID2025_11
1457,5802,SalamanderID2025_432
1458,5803,SalamanderID2025_406
1459,5804,SalamanderID2025_170
1460,5805,SalamanderID2025_535
1461,5806,SalamanderID2025_176
1462,5807,SalamanderID2025_235
1463,5808,SalamanderID2025_89
1464,5809,SalamanderID2025_522
1465,5810,SalamanderID2025_354
1466,5811,SalamanderID2025_308
1467,5812,SalamanderID2025_160
1468,5813,SalamanderID2025_574
1469,5814,SalamanderID2025_359
1470,5815,SalamanderID2025_530
1471,5816,SalamanderID2025_195
1472,5817,SalamanderID2025_545
1473,5818,SalamanderID2025_298
1474,5819,SalamanderID2025_195
1475,5820,SalamanderID2025_654
1476,5821,SalamanderID2025_597
1477,5822,SalamanderID2025_290
1478,5823,SalamanderID2025_403
1479,5824,SalamanderID2025_415
1480,5825,SalamanderID2025_518
1481,5826,SalamanderID2025_457
1482,5827,SalamanderID2025_601
1483,5828,SalamanderID2025_361
1484,5829,SalamanderID2025_88
1485,5830,SalamanderID2025_361
1486,5831,SalamanderID2025_480
1487,5832,SalamanderID2025_357
1488,5833,SalamanderID2025_577
1489,5834,SalamanderID2025_192
1490,5835,SalamanderID2025_634
1491,5836,SalamanderID2025_522
1492,5837,SalamanderID2025_514
1493,5838,SalamanderID2025_442
1494,5839,SalamanderID2025_212
1495,5840,SalamanderID2025_451
1496,5841,SalamanderID2025_220
1497,5842,SalamanderID2025_432
1498,5843,SalamanderID2025_15
1499,5844,SalamanderID2025_498
1500,5845,SalamanderID2025_492
1501,5846,SalamanderID2025_661
1502,5847,SalamanderID2025_136
1503,5848,SalamanderID2025_518
1504,5849,SalamanderID2025_88
1505,5850,SalamanderID2025_196
1506,5851,SalamanderID2025_178
1507,5852,SalamanderID2025_487
1508,5853,SalamanderID2025_461
1509,5854,SalamanderID2025_502
1510,5855,SalamanderID2025_518
1511,5856,SalamanderID2025_397
1512,5857,SalamanderID2025_298
1513,5858,SalamanderID2025_155
1514,5859,SalamanderID2025_351
1515,5860,SalamanderID2025_141
1516,5861,SalamanderID2025_541
1517,5862,SalamanderID2025_50
1518,5863,SalamanderID2025_175
1519,5864,SalamanderID2025_502
1520,5865,SalamanderID2025_432
1521,5866,SalamanderID2025_62
1522,5867,SalamanderID2025_435
1523,5868,SalamanderID2025_414
1524,5869,SalamanderID2025_145
1525,5870,SalamanderID2025_28
1526,5871,SalamanderID2025_28
1527,5872,SalamanderID2025_169
1528,5873,SalamanderID2025_71
1529,5874,SalamanderID2025_215
1530,5875,SalamanderID2025_93
1531,5876,SalamanderID2025_178
1532,5877,SalamanderID2025_408
1533,5878,SalamanderID2025_487
1534,5879,SalamanderID2025_152
1535,5880,SalamanderID2025_469
1536,5881,SalamanderID2025_327
1537,5882,SalamanderID2025_181
1538,5883,SalamanderID2025_86
1539,5884,SalamanderID2025_274
1540,5885,SalamanderID2025_182
1541,5886,SalamanderID2025_14
1542,5887,SalamanderID2025_518
1543,5888,SalamanderID2025_187
1544,5889,SalamanderID2025_465
1545,5890,SalamanderID2025_654
1546,5891,SalamanderID2025_654
1547,5892,SalamanderID2025_57
1548,5893,SalamanderID2025_450
1549,5894,SalamanderID2025_546
1550,5895,SalamanderID2025_618
1551,5896,SalamanderID2025_451
1552,5897,SalamanderID2025_504
1553,5898,SalamanderID2025_121
1554,5899,SalamanderID2025_618
1555,5900,SalamanderID2025_200
1556,5901,SalamanderID2025_536
1557,5902,SalamanderID2025_606
1558,5903,SalamanderID2025_316
1559,5904,SalamanderID2025_634
1560,5905,SalamanderID2025_416
1561,5906,SalamanderID2025_650
1562,5907,SalamanderID2025_634
1563,5908,SalamanderID2025_471
1564,5909,SalamanderID2025_520
1565,5910,SalamanderID2025_449
1566,5911,SalamanderID2025_50
1567,5912,SalamanderID2025_139
1568,5913,SalamanderID2025_145
1569,5914,SalamanderID2025_198
1570,5915,SalamanderID2025_597
1571,5916,SalamanderID2025_480
1572,5917,SalamanderID2025_650
1573,5918,SalamanderID2025_165
1574,5919,SalamanderID2025_606
1575,5920,SalamanderID2025_175
1576,5921,SalamanderID2025_432
1577,5922,SalamanderID2025_333
1578,5923,SalamanderID2025_102
1579,5924,SalamanderID2025_493
1580,5925,SalamanderID2025_616
1581,5926,SalamanderID2025_451
1582,5927,SalamanderID2025_149
1583,5928,SalamanderID2025_339
1584,5929,SalamanderID2025_631
1585,5930,SalamanderID2025_614
1586,5931,SalamanderID2025_145
1587,5932,SalamanderID2025_577
1588,5933,SalamanderID2025_436
1589,5934,SalamanderID2025_492
1590,5935,SalamanderID2025_545
1591,5936,SalamanderID2025_351
1592,5937,SalamanderID2025_634
1593,5938,SalamanderID2025_539
1594,5939,SalamanderID2025_654
1595,5940,SalamanderID2025_545
1596,5941,SalamanderID2025_369
1597,5942,SalamanderID2025_161
1598,5943,SalamanderID2025_481
1599,5944,SalamanderID2025_654
1600,5945,SalamanderID2025_71
1601,5946,SalamanderID2025_302
1602,5947,SalamanderID2025_141
1603,5948,SalamanderID2025_303
1604,5949,SalamanderID2025_408
1605,5950,SalamanderID2025_436
1606,5951,SalamanderID2025_116
1607,5952,SalamanderID2025_451
1608,5953,SalamanderID2025_522
1609,5954,SalamanderID2025_189
1610,5955,SalamanderID2025_86
1611,5956,SalamanderID2025_461
1612,5957,SalamanderID2025_574
1613,5958,SalamanderID2025_617
1614,5959,SalamanderID2025_432
1615,5960,SalamanderID2025_406
1616,5961,SalamanderID2025_480
1617,5962,SalamanderID2025_611
1618,5963,SalamanderID2025_279
1619,5964,SalamanderID2025_654
1620,5965,SalamanderID2025_599
1621,5966,SalamanderID2025_497
1622,5967,SalamanderID2025_50
1623,5968,SalamanderID2025_537
1624,5969,SalamanderID2025_451
1625,5970,SalamanderID2025_181
1626,5971,SalamanderID2025_539
1627,5972,SalamanderID2025_630
1628,5973,SalamanderID2025_313
1629,5974,SalamanderID2025_89
1630,5975,SalamanderID2025_303
1631,5976,SalamanderID2025_89
1632,5977,SalamanderID2025_511
1633,5978,SalamanderID2025_268
1634,5979,SalamanderID2025_86
1635,14709,SeaTurtleID2022_t302
1636,14710,SeaTurtleID2022_t171
1637,14711,SeaTurtleID2022_t085
1638,14712,SeaTurtleID2022_t101
1639,14713,SeaTurtleID2022_t102
1640,14714,SeaTurtleID2022_t202
1641,14715,SeaTurtleID2022_t470
1642,14716,SeaTurtleID2022_t204
1643,14717,SeaTurtleID2022_t296
1644,14718,SeaTurtleID2022_t421
1645,14719,SeaTurtleID2022_t407
1646,14720,SeaTurtleID2022_t035
1647,14721,SeaTurtleID2022_t076
1648,14722,SeaTurtleID2022_t270
1649,14723,SeaTurtleID2022_t421
1650,14724,SeaTurtleID2022_t257
1651,14725,SeaTurtleID2022_t270
1652,14726,SeaTurtleID2022_t070
1653,14727,SeaTurtleID2022_t037
1654,14728,SeaTurtleID2022_t439
1655,14729,SeaTurtleID2022_t266
1656,14730,SeaTurtleID2022_t254
1657,14731,SeaTurtleID2022_t151
1658,14732,SeaTurtleID2022_t037
1659,14733,SeaTurtleID2022_t497
1660,14734,SeaTurtleID2022_t197
1661,14735,SeaTurtleID2022_t245
1662,14736,SeaTurtleID2022_t079
1663,14737,SeaTurtleID2022_t142
1664,14738,SeaTurtleID2022_t281
1665,14739,SeaTurtleID2022_t022
1666,14740,SeaTurtleID2022_t547
1667,14741,SeaTurtleID2022_t473
1668,14742,SeaTurtleID2022_t241
1669,14743,SeaTurtleID2022_t288
1670,14744,SeaTurtleID2022_t467
1671,14745,SeaTurtleID2022_t007
1672,14746,SeaTurtleID2022_t318
1673,14747,SeaTurtleID2022_t376
1674,14748,SeaTurtleID2022_t022
1675,14749,SeaTurtleID2022_t033
1676,14750,SeaTurtleID2022_t567
1677,14751,SeaTurtleID2022_t257
1678,14752,SeaTurtleID2022_t094
1679,14753,SeaTurtleID2022_t396
1680,14754,SeaTurtleID2022_t141
1681,14755,SeaTurtleID2022_t033
1682,14756,SeaTurtleID2022_t473
1683,14757,SeaTurtleID2022_t309
1684,14758,SeaTurtleID2022_t043
1685,14759,SeaTurtleID2022_t361
1686,14760,SeaTurtleID2022_t518
1687,14761,SeaTurtleID2022_t313
1688,14762,SeaTurtleID2022_t322
1689,14763,SeaTurtleID2022_t141
1690,14764,SeaTurtleID2022_t037
1691,14765,SeaTurtleID2022_t033
1692,14766,SeaTurtleID2022_t493
1693,14767,SeaTurtleID2022_t138
1694,14768,SeaTurtleID2022_t028
1695,14769,SeaTurtleID2022_t357
1696,14770,SeaTurtleID2022_t102
1697,14771,SeaTurtleID2022_t299
1698,14772,SeaTurtleID2022_t471
1699,14773,SeaTurtleID2022_t229
1700,14774,SeaTurtleID2022_t029
1701,14775,SeaTurtleID2022_t232
1702,14776,SeaTurtleID2022_t471
1703,14777,SeaTurtleID2022_t065
1704,14778,SeaTurtleID2022_t230
1705,14779,SeaTurtleID2022_t276
1706,14780,SeaTurtleID2022_t329
1707,14781,SeaTurtleID2022_t418
1708,14782,SeaTurtleID2022_t028
1709,14783,SeaTurtleID2022_t497
1710,14784,SeaTurtleID2022_t381
1711,14785,SeaTurtleID2022_t591
1712,14786,SeaTurtleID2022_t144
1713,14787,SeaTurtleID2022_t309
1714,14788,SeaTurtleID2022_t175
1715,14789,SeaTurtleID2022_t104
1716,14790,SeaTurtleID2022_t141
1717,14791,SeaTurtleID2022_t020
1718,14792,SeaTurtleID2022_t238
1719,14793,SeaTurtleID2022_t257
1720,14794,SeaTurtleID2022_t146
1721,14795,SeaTurtleID2022_t254
1722,14796,SeaTurtleID2022_t292
1723,14797,SeaTurtleID2022_t567
1724,14798,SeaTurtleID2022_t384
1725,14799,SeaTurtleID2022_t171
1726,14800,SeaTurtleID2022_t559
1727,14801,SeaTurtleID2022_t309
1728,14802,SeaTurtleID2022_t426
1729,14803,SeaTurtleID2022_t287
1730,14804,SeaTurtleID2022_t243
1731,14805,SeaTurtleID2022_t094
1732,14806,SeaTurtleID2022_t230
1733,14807,SeaTurtleID2022_t196
1734,14808,SeaTurtleID2022_t385
1735,14809,SeaTurtleID2022_t412
1736,14810,SeaTurtleID2022_t136
1737,14811,SeaTurtleID2022_t241
1738,14812,SeaTurtleID2022_t124
1739,14813,SeaTurtleID2022_t150
1740,14814,SeaTurtleID2022_t199
1741,14815,SeaTurtleID2022_t417
1742,14816,SeaTurtleID2022_t191
1743,14817,SeaTurtleID2022_t328
1744,14818,SeaTurtleID2022_t412
1745,14819,SeaTurtleID2022_t373
1746,14820,SeaTurtleID2022_t037
1747,14821,SeaTurtleID2022_t033
1748,14822,SeaTurtleID2022_t156
1749,14823,SeaTurtleID2022_t014
1750,14824,SeaTurtleID2022_t257
1751,14825,SeaTurtleID2022_t232
1752,14826,SeaTurtleID2022_t386
1753,14827,SeaTurtleID2022_t281
1754,14828,SeaTurtleID2022_t471
1755,14829,SeaTurtleID2022_t327
1756,14830,SeaTurtleID2022_t380
1757,14831,SeaTurtleID2022_t001
1758,14832,SeaTurtleID2022_t202
1759,14833,SeaTurtleID2022_t389
1760,14834,SeaTurtleID2022_t174
1761,14835,SeaTurtleID2022_t121
1762,14836,SeaTurtleID2022_t548
1763,14837,SeaTurtleID2022_t076
1764,14838,SeaTurtleID2022_t268
1765,14839,SeaTurtleID2022_t141
1766,14840,SeaTurtleID2022_t285
1767,14841,SeaTurtleID2022_t023
1768,14842,SeaTurtleID2022_t396
1769,14843,SeaTurtleID2022_t421
1770,14844,SeaTurtleID2022_t021
1771,14845,SeaTurtleID2022_t287
1772,14846,SeaTurtleID2022_t175
1773,14847,SeaTurtleID2022_t208
1774,14848,SeaTurtleID2022_t082
1775,14849,SeaTurtleID2022_t421
1776,14850,SeaTurtleID2022_t392
1777,14851,SeaTurtleID2022_t421
1778,14852,SeaTurtleID2022_t396
1779,14853,SeaTurtleID2022_t392
1780,14854,SeaTurtleID2022_t459
1781,14855,SeaTurtleID2022_t023
1782,14856,SeaTurtleID2022_t610
1783,14857,SeaTurtleID2022_t171
1784,14858,SeaTurtleID2022_t283
1785,14859,SeaTurtleID2022_t175
1786,14860,SeaTurtleID2022_t309
1787,14861,SeaTurtleID2022_t028
1788,14862,SeaTurtleID2022_t166
1789,14863,SeaTurtleID2022_t232
1790,14864,SeaTurtleID2022_t083
1791,14865,SeaTurtleID2022_t347
1792,14866,SeaTurtleID2022_t245
1793,14867,SeaTurtleID2022_t473
1794,14868,SeaTurtleID2022_t141
1795,14869,SeaTurtleID2022_t064
1796,14870,SeaTurtleID2022_t286
1797,14871,SeaTurtleID2022_t342
1798,14872,SeaTurtleID2022_t353
1799,14873,new_individual
1800,14874,SeaTurtleID2022_t204
1801,14875,SeaTurtleID2022_t141
1802,14876,SeaTurtleID2022_t421
1803,14877,SeaTurtleID2022_t399
1804,14878,SeaTurtleID2022_t286
1805,14879,SeaTurtleID2022_t249
1806,14880,SeaTurtleID2022_t286
1807,14881,SeaTurtleID2022_t243
1808,14882,SeaTurtleID2022_t085
1809,14883,SeaTurtleID2022_t029
1810,14884,SeaTurtleID2022_t553
1811,14885,SeaTurtleID2022_t263
1812,14886,SeaTurtleID2022_t067
1813,14887,SeaTurtleID2022_t033
1814,14888,SeaTurtleID2022_t137
1815,14889,SeaTurtleID2022_t376
1816,14890,SeaTurtleID2022_t497
1817,14891,SeaTurtleID2022_t404
1818,14892,SeaTurtleID2022_t119
1819,14893,SeaTurtleID2022_t078
1820,14894,SeaTurtleID2022_t566
1821,14895,SeaTurtleID2022_t077
1822,14896,SeaTurtleID2022_t553
1823,14897,SeaTurtleID2022_t020
1824,14898,SeaTurtleID2022_t377
1825,14899,SeaTurtleID2022_t401
1826,14900,SeaTurtleID2022_t358
1827,14901,SeaTurtleID2022_t412
1828,14902,SeaTurtleID2022_t232
1829,14903,SeaTurtleID2022_t426
1830,14904,SeaTurtleID2022_t421
1831,14905,SeaTurtleID2022_t174
1832,14906,SeaTurtleID2022_t286
1833,14907,SeaTurtleID2022_t421
1834,14908,SeaTurtleID2022_t199
1835,14909,SeaTurtleID2022_t568
1836,14910,SeaTurtleID2022_t102
1837,14911,SeaTurtleID2022_t287
1838,14912,SeaTurtleID2022_t287
1839,14913,SeaTurtleID2022_t181
1840,14914,SeaTurtleID2022_t430
1841,14915,SeaTurtleID2022_t354
1842,14916,SeaTurtleID2022_t240
1843,14917,SeaTurtleID2022_t029
1844,14918,SeaTurtleID2022_t257
1845,14919,SeaTurtleID2022_t410
1846,14920,SeaTurtleID2022_t261
1847,14921,SeaTurtleID2022_t234
1848,14922,SeaTurtleID2022_t275
1849,14923,SeaTurtleID2022_t398
1850,14924,SeaTurtleID2022_t378
1851,14925,SeaTurtleID2022_t037
1852,14926,SeaTurtleID2022_t043
1853,14927,SeaTurtleID2022_t141
1854,14928,SeaTurtleID2022_t157
1855,14929,SeaTurtleID2022_t212
1856,14930,SeaTurtleID2022_t174
1857,14931,SeaTurtleID2022_t243
1858,14932,SeaTurtleID2022_t373
1859,14933,SeaTurtleID2022_t296
1860,14934,SeaTurtleID2022_t078
1861,14935,SeaTurtleID2022_t125
1862,14936,SeaTurtleID2022_t199
1863,14937,SeaTurtleID2022_t318
1864,14938,SeaTurtleID2022_t386
1865,14939,SeaTurtleID2022_t029
1866,14940,SeaTurtleID2022_t003
1867,14941,SeaTurtleID2022_t232
1868,14942,SeaTurtleID2022_t407
1869,14943,SeaTurtleID2022_t230
1870,14944,SeaTurtleID2022_t610
1871,14945,SeaTurtleID2022_t473
1872,14946,SeaTurtleID2022_t202
1873,14947,SeaTurtleID2022_t568
1874,14948,SeaTurtleID2022_t076
1875,14949,SeaTurtleID2022_t146
1876,14950,SeaTurtleID2022_t229
1877,14951,SeaTurtleID2022_t380
1878,14952,SeaTurtleID2022_t319
1879,14953,SeaTurtleID2022_t280
1880,14954,SeaTurtleID2022_t020
1881,14955,SeaTurtleID2022_t255
1882,14956,SeaTurtleID2022_t116
1883,14957,SeaTurtleID2022_t191
1884,14958,SeaTurtleID2022_t567
1885,14959,SeaTurtleID2022_t364
1886,14960,SeaTurtleID2022_t035
1887,14961,SeaTurtleID2022_t197
1888,14962,SeaTurtleID2022_t067
1889,14963,SeaTurtleID2022_t230
1890,14964,SeaTurtleID2022_t257
1891,14965,SeaTurtleID2022_t141
1892,14966,SeaTurtleID2022_t116
1893,14967,SeaTurtleID2022_t497
1894,14968,SeaTurtleID2022_t254
1895,14969,SeaTurtleID2022_t014
1896,14970,SeaTurtleID2022_t232
1897,14971,SeaTurtleID2022_t553
1898,14972,SeaTurtleID2022_t335
1899,14973,SeaTurtleID2022_t257
1900,14974,SeaTurtleID2022_t076
1901,14975,SeaTurtleID2022_t315
1902,14976,SeaTurtleID2022_t023
1903,14977,SeaTurtleID2022_t232
1904,14978,SeaTurtleID2022_t002
1905,14979,SeaTurtleID2022_t347
1906,14980,SeaTurtleID2022_t260
1907,14981,SeaTurtleID2022_t234
1908,14982,SeaTurtleID2022_t412
1909,14983,SeaTurtleID2022_t166
1910,14984,SeaTurtleID2022_t589
1911,14985,SeaTurtleID2022_t294
1912,14986,SeaTurtleID2022_t261
1913,14987,SeaTurtleID2022_t591
1914,14988,SeaTurtleID2022_t234
1915,14989,SeaTurtleID2022_t322
1916,14990,SeaTurtleID2022_t243
1917,14991,SeaTurtleID2022_t028
1918,14992,SeaTurtleID2022_t554
1919,14993,SeaTurtleID2022_t065
1920,14994,SeaTurtleID2022_t024
1921,14995,SeaTurtleID2022_t092
1922,14996,SeaTurtleID2022_t492
1923,14997,SeaTurtleID2022_t585
1924,14998,SeaTurtleID2022_t453
1925,14999,SeaTurtleID2022_t496
1926,15000,SeaTurtleID2022_t568
1927,15001,SeaTurtleID2022_t020
1928,15002,SeaTurtleID2022_t208
1929,15003,SeaTurtleID2022_t142
1930,15004,SeaTurtleID2022_t124
1931,15005,SeaTurtleID2022_t021
1932,15006,SeaTurtleID2022_t082
1933,15007,SeaTurtleID2022_t035
1934,15008,SeaTurtleID2022_t474
1935,15009,SeaTurtleID2022_t171
1936,15010,SeaTurtleID2022_t467
1937,15011,SeaTurtleID2022_t544
1938,15012,SeaTurtleID2022_t104
1939,15013,SeaTurtleID2022_t007
1940,15014,SeaTurtleID2022_t014
1941,15015,SeaTurtleID2022_t029
1942,15016,SeaTurtleID2022_t174
1943,15017,SeaTurtleID2022_t568
1944,15018,SeaTurtleID2022_t077
1945,15019,SeaTurtleID2022_t386
1946,15020,SeaTurtleID2022_t101
1947,15021,SeaTurtleID2022_t259
1948,15022,SeaTurtleID2022_t158
1949,15023,SeaTurtleID2022_t584
1950,15024,SeaTurtleID2022_t417
1951,15025,SeaTurtleID2022_t289
1952,15026,SeaTurtleID2022_t099
1953,15027,SeaTurtleID2022_t159
1954,15028,SeaTurtleID2022_t099
1955,15029,SeaTurtleID2022_t080
1956,15030,SeaTurtleID2022_t028
1957,15031,SeaTurtleID2022_t490
1958,15032,SeaTurtleID2022_t420
1959,15033,SeaTurtleID2022_t208
1960,15034,SeaTurtleID2022_t364
1961,15035,SeaTurtleID2022_t242
1962,15036,SeaTurtleID2022_t033
1963,15037,SeaTurtleID2022_t528
1964,15038,SeaTurtleID2022_t283
1965,15039,SeaTurtleID2022_t420
1966,15040,SeaTurtleID2022_t276
1967,15041,SeaTurtleID2022_t287
1968,15042,SeaTurtleID2022_t528
1969,15043,SeaTurtleID2022_t025
1970,15044,SeaTurtleID2022_t028
1971,15045,SeaTurtleID2022_t158
1972,15046,SeaTurtleID2022_t175
1973,15047,SeaTurtleID2022_t412
1974,15048,SeaTurtleID2022_t261
1975,15049,SeaTurtleID2022_t407
1976,15050,SeaTurtleID2022_t200
1977,15051,SeaTurtleID2022_t141
1978,15052,SeaTurtleID2022_t415
1979,15053,SeaTurtleID2022_t567
1980,15054,SeaTurtleID2022_t099
1981,15055,SeaTurtleID2022_t085
1982,15056,SeaTurtleID2022_t192
1983,15057,SeaTurtleID2022_t257
1984,15058,SeaTurtleID2022_t240
1985,15059,SeaTurtleID2022_t202
1986,15060,SeaTurtleID2022_t610
1987,15061,SeaTurtleID2022_t600
1988,15062,SeaTurtleID2022_t281
1989,15063,SeaTurtleID2022_t065
1990,15064,SeaTurtleID2022_t261
1991,15065,SeaTurtleID2022_t082
1992,15066,SeaTurtleID2022_t417
1993,15067,SeaTurtleID2022_t174
1994,15068,SeaTurtleID2022_t436
1995,15069,SeaTurtleID2022_t474
1996,15070,SeaTurtleID2022_t086
1997,15071,SeaTurtleID2022_t238
1998,15072,SeaTurtleID2022_t232
1999,15073,SeaTurtleID2022_t316
2000,15074,SeaTurtleID2022_t528
2001,15075,SeaTurtleID2022_t101
2002,15076,SeaTurtleID2022_t392
2003,15077,SeaTurtleID2022_t094
2004,15078,SeaTurtleID2022_t003
2005,15079,SeaTurtleID2022_t050
2006,15080,SeaTurtleID2022_t567
2007,15081,SeaTurtleID2022_t043
2008,15082,SeaTurtleID2022_t266
2009,15083,SeaTurtleID2022_t570
2010,15084,SeaTurtleID2022_t202
2011,15085,SeaTurtleID2022_t584
2012,15086,SeaTurtleID2022_t266
2013,15087,SeaTurtleID2022_t299
2014,15088,SeaTurtleID2022_t468
2015,15089,SeaTurtleID2022_t240
2016,15090,SeaTurtleID2022_t412
2017,15091,SeaTurtleID2022_t281
2018,15092,SeaTurtleID2022_t241
2019,15093,SeaTurtleID2022_t567
2020,15094,SeaTurtleID2022_t139
2021,15095,SeaTurtleID2022_t270
2022,15096,SeaTurtleID2022_t228
2023,15097,SeaTurtleID2022_t402
2024,15098,SeaTurtleID2022_t093
2025,15099,SeaTurtleID2022_t226
2026,15100,SeaTurtleID2022_t468
2027,15101,SeaTurtleID2022_t037
2028,15102,SeaTurtleID2022_t081
2029,15103,SeaTurtleID2022_t276
2030,15104,SeaTurtleID2022_t199
2031,15105,SeaTurtleID2022_t040
2032,15106,SeaTurtleID2022_t230
2033,15107,SeaTurtleID2022_t467
2034,15108,SeaTurtleID2022_t254
2035,15109,SeaTurtleID2022_t066
2036,15110,SeaTurtleID2022_t237
2037,15111,SeaTurtleID2022_t386
2038,15112,SeaTurtleID2022_t077
2039,15113,SeaTurtleID2022_t141
2040,15114,SeaTurtleID2022_t043
2041,15115,SeaTurtleID2022_t085
2042,15116,SeaTurtleID2022_t260
2043,15117,SeaTurtleID2022_t240
2044,15118,SeaTurtleID2022_t166
2045,15119,SeaTurtleID2022_t276
2046,15120,SeaTurtleID2022_t182
2047,15121,SeaTurtleID2022_t201
2048,15122,SeaTurtleID2022_t192
2049,15123,SeaTurtleID2022_t099
2050,15124,SeaTurtleID2022_t528
2051,15125,SeaTurtleID2022_t142
2052,15126,SeaTurtleID2022_t600
2053,15127,SeaTurtleID2022_t138
2054,15128,SeaTurtleID2022_t102
2055,15129,SeaTurtleID2022_t080
2056,15130,SeaTurtleID2022_t347
2057,15131,SeaTurtleID2022_t025
2058,15132,SeaTurtleID2022_t493
2059,15133,SeaTurtleID2022_t094
2060,15134,SeaTurtleID2022_t301
2061,15135,SeaTurtleID2022_t410
2062,15136,SeaTurtleID2022_t392
2063,15137,SeaTurtleID2022_t067
2064,15138,SeaTurtleID2022_t547
2065,15139,SeaTurtleID2022_t124
2066,15140,SeaTurtleID2022_t035
2067,15141,SeaTurtleID2022_t450
2068,15142,SeaTurtleID2022_t101
2069,15143,SeaTurtleID2022_t230
2070,15144,SeaTurtleID2022_t037
2071,15145,SeaTurtleID2022_t276
2072,15146,SeaTurtleID2022_t316
2073,15147,SeaTurtleID2022_t386
2074,15148,SeaTurtleID2022_t234
2075,15149,SeaTurtleID2022_t141
2076,15150,SeaTurtleID2022_t146
2077,15151,SeaTurtleID2022_t182
2078,15152,SeaTurtleID2022_t197
2079,15153,SeaTurtleID2022_t493
2080,15154,SeaTurtleID2022_t329
2081,15155,SeaTurtleID2022_t065
2082,15156,SeaTurtleID2022_t232
2083,15157,SeaTurtleID2022_t007
2084,15158,SeaTurtleID2022_t276
2085,15159,SeaTurtleID2022_t180
2086,15160,SeaTurtleID2022_t175
2087,15161,SeaTurtleID2022_t082
2088,15162,SeaTurtleID2022_t471
2089,15163,SeaTurtleID2022_t080
2090,15164,SeaTurtleID2022_t393
2091,15165,SeaTurtleID2022_t199
2092,15166,SeaTurtleID2022_t376
2093,15167,SeaTurtleID2022_t232
2094,15168,SeaTurtleID2022_t099
2095,15169,SeaTurtleID2022_t590
2096,15170,SeaTurtleID2022_t052
2097,15171,SeaTurtleID2022_t267
2098,15172,SeaTurtleID2022_t548
2099,15173,SeaTurtleID2022_t035
2100,15174,SeaTurtleID2022_t142
2101,15175,SeaTurtleID2022_t567
2102,15176,SeaTurtleID2022_t410
2103,15177,SeaTurtleID2022_t065
2104,15178,SeaTurtleID2022_t294
2105,15179,SeaTurtleID2022_t180
2106,15180,SeaTurtleID2022_t127
2107,15181,SeaTurtleID2022_t085
2108,15182,SeaTurtleID2022_t321
2109,15183,SeaTurtleID2022_t276
2110,15184,SeaTurtleID2022_t471
2111,15185,SeaTurtleID2022_t426
2112,15186,SeaTurtleID2022_t078
2113,15187,SeaTurtleID2022_t559
2114,15188,SeaTurtleID2022_t080
2115,15189,SeaTurtleID2022_t401
2116,15190,SeaTurtleID2022_t548
2117,15191,SeaTurtleID2022_t547
2118,15192,SeaTurtleID2022_t322
2119,15193,SeaTurtleID2022_t410
2120,15194,SeaTurtleID2022_t250
2121,15195,SeaTurtleID2022_t524
2122,15196,SeaTurtleID2022_t037
2123,15197,SeaTurtleID2022_t171
2124,15198,SeaTurtleID2022_t099
2125,15199,SeaTurtleID2022_t295
2126,15200,SeaTurtleID2022_t344
2127,15201,SeaTurtleID2022_t192
2128,15202,SeaTurtleID2022_t119
2129,15203,SeaTurtleID2022_t146
2130,15204,SeaTurtleID2022_t493
2131,15205,SeaTurtleID2022_t316
2132,15206,SeaTurtleID2022_t202
2133,15207,SeaTurtleID2022_t119
2134,15208,SeaTurtleID2022_t238
